Tempo;Distanza;Missile_X;Missile_Y;Missile_Z;Vel_Totale;Target_X;Target_Y;Target_Z;guide_force m/s^2;Densità_Aria_kg_m3;Temperatura_Kelvin;Temp_Ristagno_K;Temp_Skin_K;Mach;Pressione_Dinamica_Pa;Pressione_Locale_Pa;Spinta_Motore_N;Spinta_Base_N;Cd_Totale;Cl_Attuale;Fuel_kg;stato sicurezza
0,000;3200,39;-4993,39;0,00;2999,95;660,02;-1793,30;50,00;3001,00;0,00;0,909128;268,65;485,45;288,15;2,009;198019;70108;11889;11770;0,4000;0,0000;27,45;OK
0,010;3200,48;-4986,77;0,00;2999,90;661,29;-1786,60;50,00;3002,00;0,00;0,909132;268,65;486,28;288,26;2,013;198782;70109;11889;11770;0,4000;0,0000;27,39;OK
0,020;3200,57;-4980,14;0,00;2999,85;662,56;-1779,90;50,00;3003,00;0,00;0,909137;268,65;487,12;288,38;2,016;199546;70109;11889;11770;0,4000;0,0000;27,34;OK
0,030;3200,64;-4973,50;0,00;2999,79;663,82;-1773,20;50,00;3004,00;0,00;0,909142;268,65;487,96;288,49;2,020;200313;70110;11889;11770;0,4000;0,0000;27,29;OK
0,040;3200,69;-4966,84;0,00;2999,74;665,09;-1766,50;50,00;3005,00;0,00;0,909147;268,65;488,80;288,61;2,024;201080;70110;11889;11770;0,4000;0,0000;27,24;OK
0,050;3200,74;-4960,17;0,00;2999,68;666,36;-1759,80;50,00;3006,00;0,00;0,909152;268,65;489,64;288,73;2,028;201850;70111;11889;11770;0,4000;0,0000;27,18;OK
0,060;3200,77;-4953,49;0,00;2999,62;667,63;-1753,10;50,00;3007,00;0,00;0,909158;268,65;490,48;288,84;2,032;202621;70111;11889;11770;0,4000;0,0000;27,13;OK
0,070;3200,79;-4946,79;0,00;2999,57;668,90;-1746,40;50,00;3008,00;0,00;0,909163;268,65;491,33;288,96;2,036;203394;70112;11889;11770;0,4000;0,0000;27,08;OK
0,080;3200,80;-4940,09;0,00;2999,51;670,17;-1739,70;50,00;3009,00;0,00;0,909168;268,65;492,17;289,08;2,040;204168;70112;11889;11770;0,4000;0,0000;27,02;OK
0,090;3200,79;-4933,37;0,00;2999,45;671,44;-1733,00;50,00;3010,00;0,15;0,909174;268,65;493,02;289,20;2,043;204945;70113;11889;11770;0,4000;0,0046;26,97;OK
0,100;3200,77;-4926,63;0,00;2999,38;672,72;-1726,30;50,00;3011,00;0,31;0,909179;268,65;493,87;289,32;2,047;205723;70113;11889;11770;0,4000;0,0096;26,92;OK
0,110;3200,74;-4919,89;0,00;2999,32;673,99;-1719,60;50,00;3012,00;0,47;0,909185;268,65;494,73;289,44;2,051;206502;70114;11889;11770;0,4000;0,0147;26,87;OK
0,120;3200,70;-4913,13;0,00;2999,26;675,26;-1712,90;50,00;3013,00;0,64;0,909191;268,65;495,58;289,56;2,055;207283;70114;11889;11770;0,4001;0,0197;26,81;OK
0,130;3200,65;-4906,36;0,00;2999,19;676,53;-1706,20;50,00;3014,00;0,80;0,909197;268,65;496,44;289,68;2,059;208066;70115;11889;11770;0,4001;0,0246;26,76;OK
0,140;3200,58;-4899,57;0,00;2999,13;677,80;-1699,50;50,00;3015,00;0,97;0,909203;268,66;497,29;289,80;2,063;208851;70115;11889;11770;0,4002;0,0296;26,71;OK
0,150;3200,50;-4892,78;0,00;2999,06;679,07;-1692,80;50,00;3016,00;1,13;0,909209;268,66;498,15;289,92;2,067;209637;70116;11889;11770;0,4003;0,0345;26,65;OK
0,160;3200,41;-4885,97;0,00;2998,99;680,35;-1686,10;50,00;3017,00;1,30;0,909215;268,66;499,02;290,04;2,071;210425;70117;11889;11770;0,4003;0,0393;26,60;OK
0,170;3200,31;-4879,14;0,00;2998,93;681,62;-1679,40;50,00;3018,00;1,47;0,909222;268,66;499,88;290,17;2,074;211215;70117;11889;11770;0,4004;0,0442;26,55;OK
0,180;3200,19;-4872,31;0,00;2998,86;682,89;-1672,70;50,00;3019,00;1,63;0,909228;268,66;500,74;290,29;2,078;212006;70118;11889;11770;0,4005;0,0490;26,50;OK
0,190;3200,06;-4865,46;0,00;2998,79;684,17;-1666,00;50,00;3020,00;1,80;0,909235;268,66;501,61;290,42;2,082;212799;70118;11889;11770;0,4006;0,0538;26,44;OK
0,200;3199,92;-4858,60;0,00;2998,72;685,44;-1659,30;50,00;3021,00;1,97;0,909241;268,66;502,48;290,54;2,086;213594;70119;11889;11770;0,4008;0,0585;26,39;OK
0,210;3199,77;-4851,73;0,00;2998,64;686,71;-1652,60;50,00;3022,00;2,14;0,909248;268,66;503,35;290,67;2,090;214390;70120;11889;11770;0,4009;0,0632;26,34;OK
0,220;3199,60;-4844,84;0,00;2998,57;687,99;-1645,90;50,00;3023,00;2,30;0,909255;268,66;504,22;290,80;2,094;215188;70120;11889;11770;0,4010;0,0679;26,28;OK
0,230;3199,43;-4837,94;0,00;2998,50;689,26;-1639,20;50,00;3024,00;2,47;0,909261;268,66;505,10;290,92;2,098;215987;70121;11889;11770;0,4012;0,0726;26,23;OK
0,240;3199,24;-4831,03;0,00;2998,42;690,54;-1632,50;50,00;3025,00;2,64;0,909268;268,66;505,97;291,05;2,102;216788;70122;11889;11770;0,4013;0,0772;26,18;OK
0,250;3199,03;-4824,11;0,00;2998,35;691,81;-1625,80;50,00;3026,00;2,81;0,909275;268,66;506,85;291,18;2,105;217591;70122;11889;11770;0,4015;0,0818;26,12;OK
0,260;3198,82;-4817,17;0,00;2998,27;693,09;-1619,10;50,00;3027,00;2,98;0,909282;268,66;507,73;291,31;2,109;218396;70123;11889;11770;0,4016;0,0863;26,07;OK
0,270;3198,59;-4810,22;0,00;2998,19;694,36;-1612,40;50,00;3028,00;3,15;0,909290;268,66;508,61;291,44;2,113;219202;70124;11889;11770;0,4018;0,0908;26,02;OK
0,280;3198,35;-4803,26;0,00;2998,12;695,64;-1605,70;50,00;3029,00;3,32;0,909297;268,66;509,49;291,57;2,117;220009;70124;11889;11770;0,4020;0,0953;25,97;OK
0,290;3198,10;-4796,28;0,00;2998,04;696,91;-1599,00;50,00;3030,00;3,49;0,909304;268,66;510,38;291,70;2,121;220819;70125;11889;11770;0,4022;0,0998;25,91;OK
0,300;3197,84;-4789,30;0,00;2997,96;698,19;-1592,30;50,00;3031,00;3,66;0,909311;268,66;511,26;291,83;2,125;221630;70126;11889;11770;0,4024;0,1042;25,86;OK
0,310;3197,56;-4782,30;0,00;2997,88;699,46;-1585,60;50,00;3032,00;3,83;0,909319;268,66;512,15;291,96;2,129;222442;70126;11889;11770;0,4026;0,1087;25,81;OK
0,320;3197,27;-4775,28;0,00;2997,80;700,74;-1578,90;50,00;3033,00;4,00;0,909326;268,66;513,04;292,10;2,133;223256;70127;11889;11770;0,4028;0,1130;25,75;OK
0,330;3196,97;-4768,26;0,00;2997,71;702,02;-1572,20;50,00;3034,00;4,18;0,909334;268,66;513,93;292,23;2,136;224072;70128;11889;11770;0,4030;0,1174;25,70;OK
0,340;3196,65;-4761,22;0,00;2997,63;703,29;-1565,50;50,00;3035,00;4,35;0,909342;268,66;514,82;292,37;2,140;224889;70129;11889;11770;0,4033;0,1217;25,65;OK
0,350;3196,33;-4754,17;0,00;2997,55;704,57;-1558,80;50,00;3036,00;4,52;0,909349;268,67;515,72;292,50;2,144;225708;70129;11889;11770;0,4035;0,1260;25,60;OK
0,360;3195,99;-4747,10;0,00;2997,46;705,85;-1552,10;50,00;3037,00;4,69;0,909357;268,67;516,62;292,64;2,148;226529;70130;11889;11770;0,4037;0,1303;25,54;OK
0,370;3195,64;-4740,02;0,00;2997,38;707,12;-1545,40;50,00;3038,00;4,87;0,909365;268,67;517,51;292,77;2,152;227351;70131;11889;11770;0,4040;0,1345;25,49;OK
0,380;3195,27;-4732,93;0,00;2997,30;708,40;-1538,70;50,00;3039,00;5,04;0,909373;268,67;518,41;292,91;2,156;228175;70132;11889;11770;0,4042;0,1387;25,44;OK
0,390;3194,90;-4725,83;0,00;2997,21;709,68;-1532,00;50,00;3040,00;5,21;0,909381;268,67;519,32;293,05;2,160;229000;70132;11889;11770;0,4045;0,1429;25,38;OK
0,400;3194,51;-4718,72;0,00;2997,12;710,95;-1525,30;50,00;3041,00;5,39;0,909389;268,67;520,22;293,19;2,164;229827;70133;11889;11770;0,4048;0,1470;25,33;OK
0,410;3194,11;-4711,59;0,00;2997,04;712,23;-1518,60;50,00;3042,00;5,56;0,909397;268,67;521,12;293,32;2,168;230656;70134;11889;11770;0,4050;0,1511;25,28;OK
0,420;3193,70;-4704,45;0,00;2996,95;713,51;-1511,90;50,00;3043,00;5,74;0,909405;268,67;522,03;293,46;2,171;231486;70135;11889;11770;0,4053;0,1552;25,23;OK
0,430;3193,27;-4697,29;0,00;2996,86;714,79;-1505,20;50,00;3044,00;5,91;0,909413;268,67;522,94;293,60;2,175;232318;70135;11889;11770;0,4056;0,1593;25,17;OK
0,440;3192,83;-4690,13;0,00;2996,77;716,06;-1498,50;50,00;3045,00;6,09;0,909421;268,67;523,85;293,75;2,179;233151;70136;11889;11770;0,4059;0,1633;25,12;OK
0,450;3192,38;-4682,95;0,00;2996,68;717,34;-1491,80;50,00;3046,00;6,26;0,909430;268,67;524,76;293,89;2,183;233986;70137;11889;11770;0,4062;0,1673;25,07;OK
0,460;3191,92;-4675,76;0,00;2996,60;718,62;-1485,10;50,00;3047,00;6,44;0,909438;268,67;525,68;294,03;2,187;234822;70138;11889;11770;0,4065;0,1713;25,01;OK
0,470;3191,45;-4668,55;0,00;2996,51;719,90;-1478,40;50,00;3048,00;6,62;0,909446;268,67;526,59;294,17;2,191;235660;70139;11889;11770;0,4068;0,1753;24,96;OK
0,480;3190,96;-4661,33;0,00;2996,42;721,17;-1471,70;50,00;3049,00;6,79;0,909455;268,67;527,51;294,32;2,195;236500;70139;11889;11770;0,4071;0,1792;24,91;OK
0,490;3190,46;-4654,10;0,00;2996,32;722,45;-1465,00;50,00;3050,00;6,97;0,909463;268,67;528,43;294,46;2,199;237341;70140;11889;11770;0,4074;0,1831;24,86;OK
0,500;3189,95;-4646,86;0,00;2996,23;723,73;-1458,30;50,00;3051,00;7,15;0,909472;268,67;529,35;294,61;2,203;238184;70141;11888;11770;0,4077;0,1869;24,80;OK
0,510;3189,42;-4639,60;0,00;2996,14;725,01;-1451,60;50,00;3052,00;7,32;0,909480;268,67;530,27;294,75;2,206;239028;70142;11888;11770;0,4080;0,1908;24,75;OK
0,520;3188,89;-4632,34;0,00;2996,05;726,29;-1444,90;50,00;3053,00;7,50;0,909489;268,68;531,19;294,90;2,210;239874;70143;11888;11770;0,4083;0,1946;24,70;OK
0,530;3188,34;-4625,05;0,00;2995,96;727,56;-1438,20;50,00;3054,00;7,68;0,909497;268,68;532,12;295,04;2,214;240721;70143;11888;11770;0,4087;0,1984;24,64;OK
0,540;3187,78;-4617,76;0,00;2995,86;728,84;-1431,50;50,00;3055,00;7,86;0,909506;268,68;533,05;295,19;2,218;241570;70144;11888;11770;0,4090;0,2022;24,59;OK
0,550;3187,20;-4610,45;0,00;2995,77;730,12;-1424,80;50,00;3056,00;8,04;0,909515;268,68;533,98;295,34;2,222;242421;70145;11888;11770;0,4093;0,2059;24,54;OK
0,560;3186,61;-4603,13;0,00;2995,68;731,40;-1418,10;50,00;3057,00;8,22;0,909524;268,68;534,91;295,49;2,226;243273;70146;11888;11770;0,4097;0,2096;24,49;OK
0,570;3186,02;-4595,80;0,00;2995,58;732,68;-1411,40;50,00;3058,00;8,40;0,909532;268,68;535,84;295,64;2,230;244126;70147;11888;11770;0,4100;0,2133;24,43;OK
0,580;3185,40;-4588,46;0,00;2995,49;733,96;-1404,70;50,00;3059,00;8,58;0,909541;268,68;536,77;295,79;2,234;244981;70148;11888;11770;0,4104;0,2170;24,38;OK
0,590;3184,78;-4581,10;0,00;2995,40;735,24;-1398,00;50,00;3060,00;8,75;0,909550;268,68;537,71;295,94;2,238;245838;70148;11888;11770;0,4107;0,2206;24,33;OK
0,600;3184,15;-4573,73;0,00;2995,30;736,51;-1391,30;50,00;3061,00;8,93;0,909559;268,68;538,64;296,09;2,241;246696;70149;11888;11770;0,4111;0,2242;24,27;OK
0,610;3183,50;-4566,34;0,00;2995,21;737,79;-1384,60;50,00;3062,00;9,12;0,909568;268,68;539,58;296,25;2,245;247556;70150;11888;11770;0,4114;0,2278;24,22;OK
0,620;3182,84;-4558,95;0,00;2995,11;739,07;-1377,90;50,00;3063,00;9,30;0,909576;268,68;540,52;296,40;2,249;248417;70151;11888;11770;0,4118;0,2313;24,17;OK
0,630;3182,16;-4551,54;0,00;2995,02;740,35;-1371,20;50,00;3064,00;9,48;0,909585;268,68;541,46;296,55;2,253;249280;70152;11888;11770;0,4121;0,2349;24,12;OK
0,640;3181,48;-4544,11;0,00;2994,92;741,63;-1364,50;50,00;3065,00;9,66;0,909594;268,68;542,41;296,71;2,257;250144;70153;11888;11770;0,4125;0,2384;24,06;OK
0,650;3180,78;-4536,68;0,00;2994,83;742,91;-1357,80;50,00;3066,00;9,84;0,909603;268,68;543,35;296,86;2,261;251009;70154;11888;11770;0,4129;0,2418;24,01;OK
0,660;3180,07;-4529,23;0,00;2994,73;744,18;-1351,10;50,00;3067,00;10,02;0,909612;268,68;544,30;297,02;2,265;251877;70154;11888;11770;0,4132;0,2453;23,96;OK
0,670;3179,35;-4521,77;0,00;2994,63;745,46;-1344,40;50,00;3068,00;10,20;0,909621;268,68;545,25;297,18;2,269;252745;70155;11888;11770;0,4136;0,2487;23,90;OK
0,680;3178,61;-4514,30;0,00;2994,54;746,74;-1337,70;50,00;3069,00;10,38;0,909630;268,68;546,20;297,33;2,273;253615;70156;11888;11770;0,4140;0,2521;23,85;OK
0,690;3177,86;-4506,81;0,00;2994,44;748,02;-1331,00;50,00;3070,00;10,57;0,909639;268,69;547,15;297,49;2,276;254487;70157;11888;11770;0,4144;0,2555;23,80;OK
0,700;3177,10;-4499,31;0,00;2994,35;749,30;-1324,30;50,00;3071,00;10,75;0,909648;268,69;548,10;297,65;2,280;255360;70158;11888;11770;0,4147;0,2589;23,75;OK
0,710;3176,33;-4491,80;0,00;2994,25;750,58;-1317,60;50,00;3072,00;10,93;0,909657;268,69;549,06;297,81;2,284;256235;70159;11888;11770;0,4151;0,2622;23,69;OK
0,720;3175,55;-4484,28;0,00;2994,15;751,86;-1310,90;50,00;3073,00;11,11;0,909666;268,69;550,02;297,97;2,288;257111;70160;11888;11770;0,4155;0,2655;23,64;OK
0,730;3174,75;-4476,74;0,00;2994,06;753,13;-1304,20;50,00;3074,00;11,30;0,909675;268,69;550,97;298,13;2,292;257989;70160;11888;11770;0,4159;0,2688;23,59;OK
0,740;3173,94;-4469,19;0,01;2993,96;754,41;-1297,50;50,00;3075,00;11,48;0,909684;268,69;551,93;298,30;2,296;258868;70161;11888;11770;0,4163;0,2721;23,53;OK
0,750;3173,12;-4461,63;0,01;2993,87;755,69;-1290,80;50,00;3076,00;11,66;0,909693;268,69;552,89;298,46;2,300;259749;70162;11888;11770;0,4167;0,2753;23,48;OK
0,760;3172,29;-4454,05;0,01;2993,77;756,97;-1284,10;50,00;3077,00;11,85;0,909702;268,69;553,86;298,62;2,304;260631;70163;11888;11770;0,4171;0,2785;23,43;OK
0,770;3171,44;-4446,46;0,01;2993,67;758,25;-1277,40;50,00;3078,00;12,03;0,909711;268,69;554,82;298,79;2,308;261514;70164;11888;11770;0,4175;0,2817;23,37;OK
0,780;3170,58;-4438,86;0,01;2993,58;759,53;-1270,70;50,00;3079,00;12,22;0,909720;268,69;555,79;298,95;2,311;262399;70165;11888;11770;0,4179;0,2849;23,32;OK
0,790;3169,71;-4431,25;0,01;2993,48;760,80;-1264,00;50,00;3080,00;12,40;0,909729;268,69;556,76;299,12;2,315;263286;70166;11888;11770;0,4182;0,2880;23,27;OK
0,800;3168,83;-4423,62;0,01;2993,39;762,08;-1257,30;50,00;3081,00;12,59;0,909738;268,69;557,73;299,28;2,319;264174;70166;11888;11770;0,4186;0,2911;23,22;OK
0,810;3167,93;-4415,98;0,01;2993,29;763,36;-1250,60;50,00;3082,00;12,77;0,909747;268,69;558,70;299,45;2,323;265063;70167;11888;11770;0,4190;0,2942;23,16;OK
0,820;3167,02;-4408,33;0,01;2993,20;764,64;-1243,90;50,00;3083,00;12,96;0,909756;268,69;559,67;299,62;2,327;265954;70168;11888;11770;0,4194;0,2973;23,11;OK
0,830;3166,10;-4400,67;0,01;2993,10;765,92;-1237,20;50,00;3084,00;13,14;0,909765;268,69;560,64;299,79;2,331;266846;70169;11888;11770;0,4198;0,3003;23,06;OK
0,840;3165,17;-4392,99;0,01;2993,01;767,19;-1230,50;50,00;3085,00;13,33;0,909774;268,69;561,62;299,96;2,335;267740;70170;11888;11770;0,4202;0,3034;23,00;OK
0,850;3164,22;-4385,30;0,01;2992,91;768,47;-1223,80;50,00;3086,00;13,51;0,909783;268,70;562,60;300,13;2,339;268635;70171;11888;11770;0,4207;0,3064;22,95;OK
0,860;3163,26;-4377,60;0,01;2992,82;769,75;-1217,10;50,00;3087,00;13,70;0,909791;268,70;563,57;300,30;2,342;269532;70171;11888;11770;0,4211;0,3094;22,90;OK
0,870;3162,29;-4369,88;0,01;2992,72;771,03;-1210,40;50,00;3088,00;13,89;0,909800;268,70;564,55;300,47;2,346;270430;70172;11888;11770;0,4215;0,3123;22,85;OK
0,880;3161,31;-4362,15;0,01;2992,63;772,30;-1203,70;50,00;3089,00;14,07;0,909809;268,70;565,54;300,64;2,350;271329;70173;11888;11770;0,4219;0,3153;22,79;OK
0,890;3160,32;-4354,41;0,01;2992,53;773,58;-1197,00;50,00;3090,00;14,26;0,909818;268,70;566,52;300,81;2,354;272230;70174;11888;11770;0,4223;0,3182;22,74;OK
0,900;3159,31;-4346,65;0,01;2992,44;774,86;-1190,30;50,00;3091,00;14,44;0,909827;268,70;567,50;300,99;2,358;273132;70175;11888;11770;0,4227;0,3211;22,69;OK
0,910;3158,29;-4338,89;0,01;2992,35;776,14;-1183,60;50,00;3092,00;14,63;0,909835;268,70;568,49;301,16;2,362;274036;70176;11888;11770;0,4231;0,3239;22,63;OK
0,920;3157,26;-4331,11;0,01;2992,25;777,41;-1176,90;50,00;3093,00;14,82;0,909844;268,70;569,48;301,34;2,366;274941;70177;11888;11770;0,4235;0,3268;22,58;OK
0,930;3156,21;-4323,31;0,01;2992,16;778,69;-1170,20;50,00;3094,00;15,01;0,909853;268,70;570,47;301,51;2,370;275848;70177;11888;11770;0,4239;0,3296;22,53;OK
0,940;3155,15;-4315,51;0,01;2992,07;779,97;-1163,50;50,00;3095,00;15,19;0,909862;268,70;571,46;301,69;2,374;276756;70178;11888;11770;0,4243;0,3324;22,48;OK
0,950;3154,09;-4307,69;0,02;2991,98;781,24;-1156,80;50,00;3096,00;15,38;0,909870;268,70;572,45;301,87;2,377;277665;70179;11888;11770;0,4247;0,3352;22,42;OK
0,960;3153,00;-4299,86;0,02;2991,89;782,52;-1150,10;50,00;3097,00;15,57;0,909879;268,70;573,45;302,05;2,381;278576;70180;11888;11770;0,4251;0,3379;22,37;OK
0,970;3151,91;-4292,02;0,02;2991,80;783,80;-1143,40;50,00;3098,00;15,76;0,909887;268,70;574,44;302,22;2,385;279488;70181;11888;11770;0,4255;0,3407;22,32;OK
0,980;3150,80;-4284,16;0,02;2991,71;785,07;-1136,70;50,00;3099,00;15,94;0,909896;268,70;575,44;302,40;2,389;280402;70181;11888;11770;0,4259;0,3434;22,26;OK
0,990;3149,68;-4276,29;0,02;2991,62;786,35;-1130,00;50,00;3100,00;16,13;0,909904;268,70;576,44;302,59;2,393;281317;70182;11888;11770;0,4264;0,3461;22,21;OK
1,000;3148,55;-4268,41;0,02;2991,53;787,62;-1123,30;50,00;3101,00;16,32;0,909913;268,70;577,44;302,77;2,397;282233;70183;11888;11770;0,4268;0,3488;22,16;OK
1,010;3147,41;-4260,51;0,02;2991,44;788,90;-1116,60;50,00;3102,00;16,51;0,909921;268,71;578,44;302,95;2,401;283151;70184;11888;11770;0,4272;0,3514;22,11;OK
1,020;3146,25;-4252,61;0,02;2991,35;790,18;-1109,90;50,00;3103,00;16,70;0,909929;268,71;579,44;303,13;2,405;284070;70185;11888;11770;0,4276;0,3540;22,05;OK
1,030;3145,08;-4244,68;0,02;2991,26;791,45;-1103,20;50,00;3104,00;16,89;0,909938;268,71;580,45;303,32;2,408;284991;70185;11888;11770;0,4280;0,3566;22,00;OK
1,040;3143,90;-4236,75;0,02;2991,18;792,73;-1096,50;50,00;3105,00;17,08;0,909946;268,71;581,45;303,50;2,412;285913;70186;11888;11770;0,4284;0,3592;21,95;OK
1,050;3142,71;-4228,81;0,02;2991,09;794,00;-1089,80;50,00;3106,00;17,26;0,909954;268,71;582,46;303,69;2,416;286836;70187;11888;11770;0,4288;0,3618;21,89;OK
1,060;3141,51;-4220,85;0,02;2991,00;795,28;-1083,10;50,00;3107,00;17,45;0,909962;268,71;583,47;303,87;2,420;287760;70188;11888;11770;0,4292;0,3643;21,84;OK
1,070;3140,29;-4212,88;0,03;2990,92;796,55;-1076,40;50,00;3108,00;17,64;0,909970;268,71;584,48;304,06;2,424;288686;70189;11888;11770;0,4296;0,3669;21,79;OK
1,080;3139,06;-4204,89;0,03;2990,83;797,83;-1069,70;50,00;3109,00;17,83;0,909978;268,71;585,49;304,25;2,428;289614;70189;11888;11770;0,4300;0,3694;21,74;OK
1,090;3137,82;-4196,89;0,03;2990,75;799,10;-1063,00;50,00;3110,00;18,02;0,909986;268,71;586,51;304,43;2,432;290543;70190;11888;11770;0,4304;0,3719;21,68;OK
1,100;3136,56;-4188,88;0,03;2990,67;800,38;-1056,30;50,00;3111,00;18,21;0,909994;268,71;587,52;304,62;2,436;291473;70191;11888;11770;0,4308;0,3743;21,63;OK
1,110;3135,29;-4180,86;0,03;2990,58;801,65;-1049,60;50,00;3112,00;18,40;0,910002;268,71;588,54;304,81;2,439;292404;70192;11888;11770;0,4312;0,3768;21,58;OK
1,120;3134,01;-4172,83;0,03;2990,50;802,93;-1042,90;50,00;3113,00;18,59;0,910009;268,71;589,56;305,00;2,443;293337;70192;11888;11770;0,4316;0,3792;21,52;OK
1,130;3132,72;-4164,78;0,03;2990,42;804,20;-1036,20;50,00;3114,00;18,78;0,910017;268,71;590,58;305,20;2,447;294271;70193;11888;11770;0,4320;0,3816;21,47;OK
1,140;3131,42;-4156,72;0,03;2990,34;805,47;-1029,50;50,00;3115,00;18,97;0,910025;268,71;591,60;305,39;2,451;295207;70194;11888;11770;0,4324;0,3840;21,42;OK
1,150;3130,10;-4148,64;0,03;2990,26;806,75;-1022,80;50,00;3116,00;19,16;0,910032;268,71;592,62;305,58;2,455;296143;70194;11888;11770;0,4328;0,3863;21,37;OK
1,160;3128,77;-4140,56;0,04;2990,18;808,02;-1016,10;50,00;3117,00;19,35;0,910039;268,71;593,64;305,78;2,459;297081;70195;11888;11770;0,4332;0,3887;21,31;OK
1,170;3127,43;-4132,46;0,04;2990,11;809,29;-1009,40;50,00;3118,00;19,54;0,910047;268,71;594,67;305,97;2,463;298021;70196;11888;11770;0,4336;0,3910;21,26;OK
1,180;3126,08;-4124,35;0,04;2990,03;810,57;-1002,70;50,00;3119,00;19,73;0,910054;268,71;595,70;306,17;2,467;298962;70197;11888;11770;0,4340;0,3933;21,21;OK
1,190;3124,71;-4116,22;0,04;2989,95;811,84;-996,00;50,00;3120,00;19,92;0,910061;268,71;596,72;306,36;2,470;299904;70197;11888;11770;0,4344;0,3956;21,15;OK
1,200;3123,33;-4108,09;0,04;2989,88;813,11;-989,30;50,00;3121,00;20,11;0,910068;268,72;597,75;306,56;2,474;300847;70198;11888;11770;0,4348;0,3979;21,10;OK
1,210;3121,94;-4099,94;0,04;2989,81;814,39;-982,60;50,00;3122,00;20,30;0,910075;268,72;598,78;306,76;2,478;301792;70199;11888;11770;0,4352;0,4001;21,05;OK
1,220;3120,54;-4091,77;0,04;2989,73;815,66;-975,90;50,00;3123,00;20,49;0,910082;268,72;599,82;306,96;2,482;302738;70199;11888;11770;0,4356;0,4023;21,00;OK
1,230;3119,12;-4083,60;0,05;2989,66;816,93;-969,20;50,00;3124,00;20,68;0,910089;268,72;600,85;307,16;2,486;303686;70200;11888;11770;0,4360;0,4045;20,94;OK
1,240;3117,69;-4075,41;0,05;2989,59;818,20;-962,50;50,00;3125,00;20,88;0,910096;268,72;601,89;307,36;2,490;304634;70201;11888;11770;0,4364;0,4067;20,89;OK
1,250;3116,25;-4067,21;0,05;2989,52;819,47;-955,80;50,00;3126,00;21,07;0,910103;268,72;602,92;307,56;2,494;305584;70201;11888;11770;0,4368;0,4089;20,84;OK
1,260;3114,80;-4059,00;0,05;2989,45;820,75;-949,10;50,00;3127,00;21,26;0,910109;268,72;603,96;307,76;2,498;306536;70202;11888;11770;0,4372;0,4110;20,78;OK
1,270;3113,34;-4050,77;0,05;2989,38;822,02;-942,40;50,00;3128,00;21,45;0,910116;268,72;605,00;307,96;2,501;307488;70202;11888;11770;0,4376;0,4132;20,73;OK
1,280;3111,86;-4042,53;0,06;2989,32;823,29;-935,70;50,00;3129,00;21,64;0,910122;268,72;606,04;308,17;2,505;308442;70203;11888;11770;0,4379;0,4153;20,68;OK
1,290;3110,37;-4034,28;0,06;2989,25;824,56;-929,00;50,00;3130,00;21,83;0,910128;268,72;607,09;308,37;2,509;309398;70204;11888;11770;0,4383;0,4174;20,62;OK
1,300;3108,87;-4026,01;0,06;2989,18;825,83;-922,30;50,00;3131,00;22,02;0,910134;268,72;608,13;308,58;2,513;310354;70204;11888;11770;0,4387;0,4195;20,57;OK
1,310;3107,35;-4017,74;0,06;2989,12;827,10;-915,60;50,00;3132,00;22,21;0,910140;268,72;609,18;308,78;2,517;311312;70205;11888;11770;0,4391;0,4215;20,52;OK
1,320;3105,83;-4009,45;0,06;2989,06;828,37;-908,90;50,00;3133,00;22,40;0,910146;268,72;610,22;308,99;2,521;312271;70205;11888;11770;0,4395;0,4235;20,47;OK
1,330;3104,29;-4001,15;0,06;2989,00;829,64;-902,20;50,00;3134,00;22,59;0,910152;268,72;611,27;309,20;2,525;313231;70206;11888;11770;0,4398;0,4256;20,41;OK
1,340;3102,74;-3992,83;0,07;2988,94;830,91;-895,50;50,00;3135,00;22,79;0,910158;268,72;612,32;309,41;2,528;314193;70206;11888;11770;0,4402;0,4276;20,36;OK
1,350;3101,17;-3984,50;0,07;2988,88;832,18;-888,80;50,00;3136,00;22,98;0,910164;268,72;613,37;309,62;2,532;315156;70207;11888;11770;0,4406;0,4295;20,31;OK
1,360;3099,60;-3976,16;0,07;2988,82;833,45;-882,10;50,00;3137,00;23,17;0,910169;268,72;614,43;309,83;2,536;316120;70207;11888;11770;0,4410;0,4315;20,25;OK
1,370;3098,01;-3967,81;0,07;2988,77;834,72;-875,40;50,00;3138,00;23,36;0,910175;268,72;615,48;310,04;2,540;317085;70208;11888;11770;0,4413;0,4334;20,20;OK
1,380;3096,41;-3959,44;0,08;2988,71;835,99;-868,70;50,00;3139,00;23,55;0,910180;268,72;616,54;310,25;2,544;318052;70208;11888;11770;0,4417;0,4354;20,15;OK
1,390;3094,80;-3951,06;0,08;2988,66;837,26;-862,00;50,00;3140,00;23,74;0,910185;268,72;617,59;310,46;2,548;319020;70209;11888;11770;0,4421;0,4373;20,10;OK
1,400;3093,17;-3942,67;0,08;2988,60;838,53;-855,30;50,00;3141,00;23,93;0,910190;268,72;618,65;310,68;2,552;319989;70209;11888;11770;0,4424;0,4392;20,04;OK
1,410;3091,53;-3934,27;0,08;2988,55;839,79;-848,60;50,00;3142,00;24,12;0,910195;268,72;619,71;310,89;2,556;320960;70210;11888;11770;0,4428;0,4410;19,99;OK
1,420;3089,88;-3925,85;0,09;2988,50;841,06;-841,90;50,00;3143,00;24,31;0,910200;268,72;620,77;311,10;2,559;321931;70210;11888;11770;0,4432;0,4429;19,94;OK
1,430;3088,22;-3917,42;0,09;2988,46;842,33;-835,20;50,00;3144,00;24,51;0,910204;268,72;621,83;311,32;2,563;322904;70211;11888;11770;0,4435;0,4447;19,88;OK
1,440;3086,55;-3908,98;0,09;2988,41;843,60;-828,50;50,00;3145,00;24,70;0,910209;268,73;622,90;311,54;2,567;323879;70211;11888;11770;0,4439;0,4465;19,83;OK
1,450;3084,86;-3900,52;0,09;2988,36;844,87;-821,80;50,00;3146,00;24,89;0,910213;268,73;623,96;311,76;2,571;324854;70212;11888;11770;0,4442;0,4483;19,78;OK
1,460;3083,16;-3892,06;0,10;2988,32;846,13;-815,10;50,00;3147,00;25,08;0,910217;268,73;625,03;311,97;2,575;325831;70212;11888;11770;0,4446;0,4501;19,73;OK
1,470;3081,45;-3883,58;0,10;2988,28;847,40;-808,40;50,00;3148,00;25,27;0,910222;268,73;626,10;312,19;2,579;326809;70212;11888;11770;0,4449;0,4519;19,67;OK
1,480;3079,73;-3875,08;0,10;2988,24;848,67;-801,70;50,00;3149,00;25,46;0,910226;268,73;627,17;312,41;2,582;327788;70213;11888;11770;0,4453;0,4536;19,62;OK
1,490;3077,99;-3866,58;0,10;2988,20;849,93;-795,00;50,00;3150,00;25,65;0,910229;268,73;628,24;312,64;2,586;328768;70213;11888;11770;0,4456;0,4554;19,57;OK
1,500;3076,24;-3858,06;0,11;2988,16;851,20;-788,30;50,00;3151,00;25,84;0,910233;268,73;629,31;312,86;2,590;329750;70214;11888;11770;0,4460;0,4571;19,51;OK
1,510;3074,48;-3849,53;0,11;2988,12;852,46;-781,60;50,00;3152,00;26,03;0,910237;268,73;630,38;313,08;2,594;330733;70214;11888;11770;0,4463;0,4588;19,46;OK
1,520;3072,71;-3840,99;0,11;2988,09;853,73;-774,90;50,00;3153,00;26,23;0,910240;268,73;631,46;313,30;2,598;331717;70214;11888;11770;0,4466;0,4605;19,41;OK
1,530;3070,92;-3832,43;0,12;2988,06;855,00;-768,20;50,00;3154,00;26,42;0,910243;268,73;632,54;313,53;2,602;332702;70215;11888;11770;0,4470;0,4621;19,36;OK
1,540;3069,12;-3823,86;0,12;2988,02;856,26;-761,50;50,00;3155,00;26,61;0,910246;268,73;633,61;313,75;2,606;333688;70215;11888;11770;0,4473;0,4638;19,30;OK
1,550;3067,31;-3815,28;0,12;2987,99;857,53;-754,80;50,00;3156,00;26,80;0,910249;268,73;634,69;313,98;2,609;334676;70215;11888;11770;0,4476;0,4654;19,25;OK
1,560;3065,49;-3806,68;0,13;2987,97;858,79;-748,10;50,00;3157,00;26,99;0,910252;268,73;635,77;314,21;2,613;335665;70215;11888;11770;0,4480;0,4670;19,20;OK
1,570;3063,66;-3798,08;0,13;2987,94;860,05;-741,40;50,00;3158,00;27,18;0,910255;268,73;636,85;314,44;2,617;336655;70216;11888;11770;0,4483;0,4686;19,14;OK
1,580;3061,81;-3789,46;0,13;2987,91;861,32;-734,70;50,00;3159,00;27,37;0,910257;268,73;637,94;314,67;2,621;337646;70216;11888;11770;0,4486;0,4702;19,09;OK
1,590;3059,95;-3780,83;0,14;2987,89;862,58;-728,00;50,00;3160,00;27,56;0,910259;268,73;639,02;314,90;2,625;338639;70216;11888;11770;0,4490;0,4717;19,04;OK
1,600;3058,08;-3772,18;0,14;2987,87;863,85;-721,30;50,00;3161,00;27,75;0,910262;268,73;640,11;315,13;2,629;339633;70216;11888;11770;0,4493;0,4733;18,99;OK
1,610;3056,20;-3763,52;0,15;2987,85;865,11;-714,60;50,00;3162,00;27,94;0,910264;268,73;641,20;315,36;2,633;340628;70216;11888;11770;0,4496;0,4748;18,93;OK
1,620;3054,30;-3754,85;0,15;2987,83;866,37;-707,90;50,00;3163,00;28,13;0,910265;268,73;642,28;315,59;2,636;341624;70217;11888;11770;0,4499;0,4763;18,88;OK
1,630;3052,39;-3746,17;0,15;2987,82;867,64;-701,20;50,00;3164,00;28,32;0,910267;268,73;643,37;315,82;2,640;342621;70217;11888;11770;0,4502;0,4778;18,83;OK
1,640;3050,47;-3737,48;0,16;2987,80;868,90;-694,50;50,00;3165,00;28,51;0,910269;268,73;644,46;316,06;2,644;343619;70217;11888;11770;0,4505;0,4793;18,77;OK
1,650;3048,54;-3728,77;0,16;2987,79;870,16;-687,80;50,00;3166,00;28,70;0,910270;268,73;645,56;316,29;2,648;344619;70217;11888;11770;0,4508;0,4807;18,72;OK
1,660;3046,59;-3720,05;0,17;2987,78;871,42;-681,10;50,00;3167,00;28,89;0,910271;268,73;646,65;316,53;2,652;345620;70217;11888;11770;0,4512;0,4822;18,67;OK
1,670;3044,64;-3711,31;0,17;2987,77;872,68;-674,40;50,00;3168,00;29,08;0,910272;268,73;647,75;316,77;2,656;346622;70217;11888;11770;0,4515;0,4836;18,62;OK
1,680;3042,67;-3702,57;0,17;2987,77;873,95;-667,70;50,00;3169,00;29,27;0,910273;268,73;648,84;317,00;2,659;347625;70217;11888;11770;0,4518;0,4850;18,56;OK
1,690;3040,68;-3693,81;0,18;2987,76;875,21;-661,00;50,00;3170,00;29,46;0,910273;268,73;649,94;317,24;2,663;348629;70217;11888;11770;0,4521;0,4864;18,51;OK
1,700;3038,69;-3685,04;0,18;2987,76;876,47;-654,30;50,00;3171,00;29,65;0,910274;268,73;651,04;317,48;2,667;349635;70217;11888;11770;0,4523;0,4878;18,46;OK
1,710;3036,68;-3676,26;0,19;2987,76;877,73;-647,60;50,00;3172,00;29,84;0,910274;268,73;652,14;317,72;2,671;350641;70217;11888;11770;0,4526;0,4892;18,40;OK
1,720;3034,66;-3667,46;0,19;2987,76;878,99;-640,90;50,00;3173,00;30,03;0,910274;268,73;653,24;317,96;2,675;351649;70217;11888;11770;0,4529;0,4905;18,35;OK
1,730;3032,63;-3658,65;0,20;2987,77;880,25;-634,20;50,00;3174,00;30,21;0,910274;268,73;654,35;318,21;2,679;352658;70217;11888;11770;0,4532;0,4918;18,30;OK
1,740;3030,59;-3649,83;0,20;2987,77;881,51;-627,50;50,00;3175,00;30,40;0,910274;268,73;655,45;318,45;2,682;353668;70217;11888;11770;0,4535;0,4932;18,25;OK
1,750;3028,53;-3641,00;0,21;2987,78;882,77;-620,80;50,00;3176,00;30,59;0,910273;268,73;656,56;318,69;2,686;354680;70217;11888;11770;0,4538;0,4945;18,19;OK
1,760;3026,46;-3632,15;0,21;2987,79;884,03;-614,10;50,00;3177,00;30,78;0,910272;268,73;657,66;318,94;2,690;355692;70217;11888;11770;0,4541;0,4958;18,14;OK
1,770;3024,38;-3623,29;0,22;2987,80;885,29;-607,40;50,00;3178,00;30,97;0,910271;268,73;658,77;319,18;2,694;356706;70217;11888;11770;0,4543;0,4970;18,09;OK
1,780;3022,29;-3614,42;0,22;2987,81;886,55;-600,70;50,00;3179,00;31,16;0,910270;268,73;659,88;319,43;2,698;357720;70217;11888;11770;0,4546;0,4983;18,03;OK
1,790;3020,19;-3605,53;0,23;2987,83;887,81;-594,00;50,00;3180,00;31,35;0,910269;268,73;660,99;319,68;2,702;358736;70217;11888;11770;0,4549;0,4995;17,98;OK
1,800;3018,07;-3596,64;0,23;2987,85;889,06;-587,30;50,00;3181,00;31,53;0,910267;268,73;662,11;319,93;2,705;359753;70217;11888;11770;0,4552;0,5007;17,93;OK
1,810;3015,94;-3587,73;0,24;2987,87;890,32;-580,60;50,00;3182,00;31,72;0,910266;268,73;663,22;320,17;2,709;360771;70217;11888;11770;0,4554;0,5019;17,87;OK
1,820;3013,80;-3578,81;0,24;2987,89;891,58;-573,90;50,00;3183,00;31,91;0,910264;268,73;664,34;320,42;2,713;361791;70216;11888;11770;0,4557;0,5031;17,82;OK
1,830;3011,64;-3569,87;0,25;2987,92;892,84;-567,20;50,00;3184,00;32,10;0,910262;268,73;665,45;320,68;2,717;362811;70216;11888;11770;0,4560;0,5043;17,77;OK
1,840;3009,48;-3560,92;0,25;2987,95;894,09;-560,50;50,00;3185,00;32,28;0,910259;268,73;666,57;320,93;2,721;363832;70216;11888;11770;0,4562;0,5055;17,72;OK
1,850;3007,30;-3551,96;0,26;2987,98;895,35;-553,80;50,00;3186,00;32,47;0,910257;268,73;667,69;321,18;2,725;364855;70216;11888;11770;0,4565;0,5066;17,66;OK
1,860;3005,11;-3542,99;0,27;2988,01;896,61;-547,10;50,00;3187,00;32,66;0,910254;268,73;668,81;321,43;2,728;365879;70216;11888;11770;0,4567;0,5078;17,61;OK
1,870;3002,90;-3534,01;0,27;2988,04;897,86;-540,40;50,00;3188,00;32,84;0,910251;268,73;669,93;321,69;2,732;366904;70215;11888;11770;0,4570;0,5089;17,56;OK
1,880;3000,69;-3525,01;0,28;2988,08;899,12;-533,70;50,00;3189,00;33,03;0,910248;268,73;671,06;321,94;2,736;367930;70215;11888;11770;0,4572;0,5100;17,50;OK
1,890;2998,46;-3516,00;0,28;2988,12;900,38;-527,00;50,00;3190,00;33,21;0,910244;268,73;672,18;322,20;2,740;368957;70215;11888;11770;0,4575;0,5111;17,45;OK
1,900;2996,22;-3506,98;0,29;2988,16;901,63;-520,30;50,00;3191,00;33,40;0,910240;268,73;673,31;322,46;2,744;369985;70214;11888;11770;0,4577;0,5121;17,40;OK
1,910;2993,97;-3497,94;0,30;2988,20;902,89;-513,60;50,00;3192,00;33,59;0,910236;268,73;674,43;322,72;2,747;371015;70214;11888;11770;0,4579;0,5132;17,35;OK
1,920;2991,70;-3488,89;0,30;2988,25;904,14;-506,90;50,00;3193,00;33,77;0,910232;268,73;675,56;322,98;2,751;372045;70213;11888;11770;0,4582;0,5142;17,29;OK
1,930;2989,43;-3479,83;0,31;2988,30;905,40;-500,20;50,00;3194,00;33,96;0,910228;268,73;676,69;323,24;2,755;373077;70213;11888;11770;0,4584;0,5153;17,24;OK
1,940;2987,14;-3470,76;0,32;2988,35;906,65;-493,50;50,00;3195,00;34,14;0,910223;268,73;677,82;323,50;2,759;374109;70213;11888;11770;0,4586;0,5163;17,19;OK
1,950;2984,84;-3461,68;0,32;2988,41;907,91;-486,80;50,00;3196,00;34,33;0,910219;268,73;678,95;323,76;2,763;375143;70212;11888;11770;0,4589;0,5173;17,13;OK
1,960;2982,52;-3452,58;0,33;2988,46;909,16;-480,10;50,00;3197,00;34,51;0,910214;268,73;680,09;324,02;2,767;376178;70212;11888;11770;0,4591;0,5183;17,08;OK
1,970;2980,20;-3443,47;0,34;2988,52;910,41;-473,40;50,00;3198,00;34,70;0,910208;268,72;681,22;324,29;2,770;377214;70211;11888;11770;0,4593;0,5192;17,03;OK
1,980;2977,86;-3434,35;0,34;2988,58;911,67;-466,70;50,00;3199,00;34,88;0,910203;268,72;682,36;324,55;2,774;378251;70211;11888;11770;0,4595;0,5202;16,98;OK
1,990;2975,51;-3425,21;0,35;2988,65;912,92;-460,00;50,00;3200,00;35,06;0,910197;268,72;683,50;324,82;2,778;379289;70210;11888;11770;0,4597;0,5211;16,92;OK
2,000;2973,15;-3416,06;0,36;2988,71;914,17;-453,30;50,00;3201,00;35,25;0,910191;268,72;684,63;325,08;2,782;380328;70210;11888;11770;0,4600;0,5221;16,87;OK
2,010;2970,77;-3406,90;0,37;2988,78;915,42;-446,60;50,00;3202,00;35,43;0,910185;268,72;685,78;325,35;2,786;381369;70209;11888;11770;0,4602;0,5230;16,82;OK
2,020;2968,39;-3397,73;0,37;2988,86;916,68;-439,90;50,00;3203,00;35,61;0,910178;268,72;686,92;325,62;2,789;382410;70208;11888;11770;0,4604;0,5239;16,76;OK
2,030;2965,99;-3388,54;0,38;2988,93;917,93;-433,20;50,00;3204,00;35,80;0,910171;268,72;688,06;325,89;2,793;383453;70208;11888;11770;0,4606;0,5248;16,71;OK
2,040;2963,58;-3379,35;0,39;2989,01;919,18;-426,50;50,00;3205,00;35,98;0,910164;268,72;689,20;326,16;2,797;384496;70207;11888;11770;0,4608;0,5256;16,66;OK
2,050;2961,15;-3370,14;0,40;2989,09;920,43;-419,80;50,00;3206,00;36,16;0,910157;268,72;690,35;326,43;2,801;385541;70206;11888;11770;0,4610;0,5265;16,61;OK
2,060;2958,72;-3360,91;0,41;2989,17;921,68;-413,10;50,00;3207,00;36,34;0,910149;268,72;691,50;326,70;2,805;386586;70206;11888;11770;0,4612;0,5273;16,55;OK
2,070;2956,27;-3351,68;0,41;2989,26;922,93;-406,40;50,00;3208,00;36,52;0,910142;268,72;692,64;326,98;2,809;387633;70205;11888;11770;0,4614;0,5282;16,50;OK
2,080;2953,81;-3342,43;0,42;2989,35;924,19;-399,70;50,00;3209,00;36,70;0,910134;268,72;693,79;327,25;2,812;388681;70204;11888;11770;0,4616;0,5290;16,45;OK
2,090;2951,33;-3333,17;0,43;2989,44;925,44;-393,00;50,00;3210,00;36,89;0,910125;268,72;694,94;327,53;2,816;389730;70203;11888;11770;0,4617;0,5298;16,39;OK
2,100;2948,85;-3323,90;0,44;2989,53;926,69;-386,30;50,00;3211,00;37,07;0,910117;268,72;696,09;327,80;2,820;390780;70202;11888;11770;0,4619;0,5306;16,34;OK
2,110;2946,35;-3314,61;0,45;2989,63;927,94;-379,60;50,00;3212,00;37,25;0,910108;268,72;697,25;328,08;2,824;391831;70202;11888;11770;0,4621;0,5313;16,29;OK
2,120;2943,84;-3305,32;0,46;2989,73;929,19;-372,90;50,00;3213,00;37,43;0,910099;268,72;698,40;328,36;2,828;392883;70201;11888;11770;0,4623;0,5321;16,24;OK
2,130;2941,32;-3296,01;0,47;2989,83;930,44;-366,20;50,00;3214,00;37,61;0,910089;268,72;699,56;328,63;2,831;393936;70200;11888;11770;0,4625;0,5328;16,18;OK
2,140;2938,79;-3286,68;0,47;2989,94;931,68;-359,50;50,00;3215,00;37,79;0,910080;268,72;700,71;328,91;2,835;394991;70199;11888;11770;0,4626;0,5336;16,13;OK
2,150;2936,24;-3277,35;0,48;2990,05;932,93;-352,80;50,00;3216,00;37,97;0,910070;268,72;701,87;329,19;2,839;396046;70198;11888;11770;0,4628;0,5343;16,08;OK
2,160;2933,68;-3268,00;0,49;2990,16;934,18;-346,10;50,00;3217,00;38,14;0,910060;268,71;703,03;329,48;2,843;397102;70197;11888;11770;0,4630;0,5350;16,02;OK
2,170;2931,11;-3258,64;0,50;2990,28;935,43;-339,40;50,00;3218,00;38,32;0,910049;268,71;704,19;329,76;2,847;398160;70196;11888;11770;0,4631;0,5357;15,97;OK
2,180;2928,53;-3249,27;0,51;2990,39;936,68;-332,70;50,00;3219,00;38,50;0,910038;268,71;705,35;330,04;2,850;399218;70195;11888;11770;0,4633;0,5364;15,92;OK
2,190;2925,93;-3239,88;0,52;2990,51;937,93;-326,00;50,00;3220,00;38,68;0,910027;268,71;706,52;330,33;2,854;400278;70194;11888;11770;0,4635;0,5370;15,87;OK
2,200;2923,33;-3230,49;0,53;2990,64;939,17;-319,30;50,00;3221,00;38,86;0,910016;268,71;707,68;330,61;2,858;401338;70193;11888;11770;0,4636;0,5377;15,81;OK
2,210;2920,71;-3221,08;0,54;2990,77;940,42;-312,60;50,00;3222,00;39,03;0,910004;268,71;708,85;330,90;2,862;402400;70192;11888;11770;0,4638;0,5383;15,76;OK
2,220;2918,07;-3211,66;0,55;2990,90;941,67;-305,90;50,00;3223,00;39,21;0,909992;268,71;710,02;331,19;2,866;403463;70191;11888;11770;0,4639;0,5390;15,71;OK
2,230;2915,43;-3202,22;0,56;2991,03;942,91;-299,20;50,00;3224,00;39,39;0,909980;268,71;711,18;331,47;2,869;404526;70189;11888;11770;0,4641;0,5396;15,65;OK
2,240;2912,77;-3192,77;0,57;2991,17;944,16;-292,50;50,00;3225,00;39,56;0,909968;268,71;712,35;331,76;2,873;405591;70188;11888;11770;0,4642;0,5402;15,60;OK
2,250;2910,10;-3183,31;0,58;2991,31;945,41;-285,80;50,00;3226,00;39,74;0,909955;268,71;713,53;332,05;2,877;406657;70187;11888;11770;0,4643;0,5408;15,55;OK
2,260;2907,42;-3173,84;0,59;2991,45;946,65;-279,10;50,00;3227,00;39,91;0,909942;268,71;714,70;332,35;2,881;407723;70186;11888;11770;0,4645;0,5413;15,50;OK
2,270;2904,73;-3164,36;0,60;2991,60;947,90;-272,40;50,00;3228,00;40,09;0,909928;268,71;715,87;332,64;2,885;408791;70185;11888;11770;0,4646;0,5419;15,44;OK
2,280;2902,03;-3154,86;0,62;2991,74;949,14;-265,70;50,00;3229,00;40,26;0,909915;268,70;717,05;332,93;2,888;409860;70183;11888;11770;0,4647;0,5425;15,39;OK
2,290;2899,31;-3145,35;0,63;2991,90;950,39;-259,00;50,00;3230,00;40,44;0,909901;268,70;718,22;333,22;2,892;410930;70182;11888;11770;0,4649;0,5430;15,34;OK
2,300;2896,58;-3135,83;0,64;2992,05;951,64;-252,30;50,00;3231,00;40,61;0,909886;268,70;719,40;333,52;2,896;412001;70181;11888;11770;0,4650;0,5435;15,28;OK
2,310;2893,84;-3126,30;0,65;2992,21;952,88;-245,60;50,00;3232,00;40,78;0,909872;268,70;720,58;333,82;2,900;413073;70179;11888;11770;0,4651;0,5440;15,23;OK
2,320;2891,08;-3116,75;0,66;2992,37;954,12;-238,90;50,00;3233,00;40,96;0,909857;268,70;721,76;334,11;2,904;414146;70178;11888;11770;0,4652;0,5445;15,18;OK
2,330;2888,32;-3107,19;0,67;2992,54;955,37;-232,20;50,00;3234,00;41,13;0,909842;268,70;722,94;334,41;2,907;415220;70176;11888;11770;0,4653;0,5450;15,12;OK
2,340;2885,54;-3097,62;0,68;2992,71;956,61;-225,50;50,00;3235,00;41,30;0,909826;268,70;724,12;334,71;2,911;416295;70175;11888;11770;0,4655;0,5455;15,07;OK
2,350;2882,75;-3088,04;0,70;2992,88;957,86;-218,80;50,00;3236,00;41,47;0,909810;268,70;725,31;335,01;2,915;417371;70173;11888;11770;0,4656;0,5459;15,02;OK
2,360;2879,94;-3078,44;0,71;2993,06;959,10;-212,10;50,00;3237,00;41,64;0,909794;268,70;726,49;335,31;2,919;418448;70172;11888;11770;0,4657;0,5464;14,97;OK
2,370;2877,13;-3068,84;0,72;2993,24;960,34;-205,40;50,00;3238,00;41,82;0,909778;268,70;727,68;335,61;2,922;419526;70170;11888;11770;0,4658;0,5468;14,91;OK
2,380;2874,30;-3059,22;0,73;2993,42;961,59;-198,70;50,00;3239,00;41,99;0,909761;268,69;728,87;335,91;2,926;420605;70169;11888;11770;0,4659;0,5472;14,86;OK
2,390;2871,46;-3049,58;0,75;2993,61;962,83;-192,00;50,00;3240,00;42,16;0,909744;268,69;730,06;336,22;2,930;421685;70167;11888;11770;0,4660;0,5477;14,81;OK
2,400;2868,61;-3039,94;0,76;2993,80;964,07;-185,30;50,00;3241,00;42,33;0,909726;268,69;731,25;336,52;2,934;422766;70165;11888;11770;0,4661;0,5481;14,75;OK
2,410;2865,74;-3030,28;0,77;2993,99;965,31;-178,60;50,00;3242,00;42,49;0,909708;268,69;732,44;336,83;2,938;423848;70164;11888;11770;0,4662;0,5484;14,70;OK
2,420;2862,87;-3020,61;0,79;2994,19;966,56;-171,90;50,00;3243,00;42,66;0,909690;268,69;733,63;337,14;2,941;424931;70162;11888;11770;0,4663;0,5488;14,65;OK
2,430;2859,98;-3010,93;0,80;2994,39;967,80;-165,20;50,00;3244,00;42,83;0,909672;268,69;734,83;337,44;2,945;426015;70160;11888;11770;0,4664;0,5492;14,60;OK
2,440;2857,08;-3001,23;0,81;2994,59;969,04;-158,50;50,00;3245,00;43,00;0,909653;268,69;736,02;337,75;2,949;427100;70158;11888;11770;0,4664;0,5495;14,54;OK
2,450;2854,17;-2991,53;0,83;2994,80;970,28;-151,80;50,00;3246,00;43,17;0,909634;268,69;737,22;338,06;2,953;428187;70157;11888;11770;0,4665;0,5499;14,49;OK
2,460;2851,24;-2981,81;0,84;2995,01;971,52;-145,10;50,00;3247,00;43,33;0,909615;268,68;738,42;338,37;2,957;429274;70155;11888;11770;0,4666;0,5502;14,44;OK
2,470;2848,30;-2972,08;0,85;2995,22;972,76;-138,40;50,00;3248,00;43,50;0,909595;268,68;739,62;338,68;2,960;430362;70153;11888;11770;0,4667;0,5505;14,38;OK
2,480;2845,35;-2962,33;0,87;2995,44;974,01;-131,70;50,00;3249,00;43,67;0,909575;268,68;740,82;339,00;2,964;431451;70151;11888;11770;0,4667;0,5508;14,33;OK
2,490;2842,39;-2952,58;0,88;2995,66;975,25;-125,00;50,00;3250,00;43,83;0,909554;268,68;742,02;339,31;2,968;432541;70149;11888;11770;0,4668;0,5511;14,28;OK
2,500;2839,42;-2942,81;0,90;2995,89;976,49;-118,30;50,00;3251,00;44,00;0,909533;268,68;743,22;339,62;2,972;433632;70147;11888;11770;0,4669;0,5514;14,23;OK
2,510;2836,43;-2933,03;0,91;2996,12;977,73;-111,60;50,00;3252,00;44,16;0,909512;268,68;744,43;339,94;2,975;434724;70145;11888;11770;0,4669;0,5516;14,17;OK
2,520;2833,43;-2923,23;0,93;2996,35;978,97;-104,90;50,00;3253,00;44,32;0,909491;268,68;745,63;340,26;2,979;435817;70143;11888;11770;0,4670;0,5519;14,12;OK
2,530;2830,42;-2913,43;0,94;2996,59;980,21;-98,20;50,00;3254,00;44,49;0,909469;268,67;746,84;340,57;2,983;436911;70141;11889;11770;0,4671;0,5521;14,07;OK
2,540;2827,40;-2903,61;0,96;2996,83;981,45;-91,50;50,00;3255,00;44,65;0,909447;268,67;748,05;340,89;2,987;438006;70139;11889;11770;0,4671;0,5524;14,01;OK
2,550;2824,36;-2893,78;0,97;2997,08;982,69;-84,80;50,00;3256,00;44,81;0,909424;268,67;749,26;341,21;2,991;439102;70137;11889;11770;0,4672;0,5526;13,96;OK
2,560;2821,32;-2883,94;0,99;2997,32;983,92;-78,10;50,00;3257,00;44,98;0,909401;268,67;750,47;341,53;2,994;440200;70134;11889;11770;0,4672;0,5528;13,91;OK
2,570;2818,26;-2874,08;1,00;2997,58;985,16;-71,40;50,00;3258,00;45,14;0,909378;268,67;751,68;341,85;2,998;441298;70132;11889;11770;0,4673;0,5530;13,86;OK
2,580;2815,18;-2864,22;1,02;2997,83;986,40;-64,70;50,00;3259,00;45,30;0,909354;268,67;752,90;342,18;3,002;442397;70130;11889;11770;0,4673;0,5532;13,80;OK
2,590;2812,10;-2854,34;1,04;2998,09;987,64;-58,00;50,00;3260,00;45,46;0,909331;268,66;754,11;342,50;3,006;443497;70128;11889;11770;0,4674;0,5534;13,75;OK
2,600;2809,00;-2844,45;1,05;2998,36;988,88;-51,30;50,00;3261,00;45,62;0,909306;268,66;755,33;342,82;3,010;444598;70125;11889;11770;0,4674;0,5535;13,70;OK
2,610;2805,90;-2834,54;1,07;2998,62;990,12;-44,60;50,00;3262,00;45,78;0,909281;268,66;756,55;343,15;3,013;445699;70123;11889;11770;0,4674;0,5537;13,64;OK
2,620;2802,77;-2824,63;1,09;2998,90;991,36;-37,90;50,00;3263,00;45,94;0,909256;268,66;757,77;343,48;3,017;446802;70121;11889;11770;0,4675;0,5538;13,59;OK
2,630;2799,64;-2814,70;1,10;2999,17;992,59;-31,20;50,00;3264,00;46,09;0,909231;268,66;758,99;343,80;3,021;447906;70118;11889;11770;0,4675;0,5539;13,54;OK
2,640;2796,50;-2804,76;1,12;2999,45;993,83;-24,50;50,00;3265,00;46,25;0,909205;268,66;760,21;344,13;3,025;449011;70116;11889;11770;0,4675;0,5541;13,49;OK
2,650;2793,34;-2794,81;1,14;2999,74;995,07;-17,80;50,00;3266,00;46,41;0,909179;268,65;761,43;344,46;3,028;450117;70113;11889;11770;0,4676;0,5542;13,43;OK
2,660;2790,17;-2784,84;1,16;3000,02;996,31;-11,10;50,00;3267,00;46,57;0,909152;268,65;762,66;344,79;3,032;451224;70111;11889;11770;0,4676;0,5543;13,38;OK
2,670;2786,99;-2774,86;1,17;3000,31;997,54;-4,40;50,00;3268,00;46,72;0,909125;268,65;763,88;345,12;3,036;452332;70108;11889;11770;0,4676;0,5544;13,33;OK
2,680;2783,79;-2764,87;1,19;3000,61;998,78;2,30;50,00;3269,00;46,88;0,909098;268,65;765,11;345,46;3,040;453441;70105;11889;11770;0,4676;0,5544;13,27;OK
2,690;2780,59;-2754,87;1,21;3000,91;1000,02;9,00;50,00;3270,00;47,03;0,909070;268,65;766,34;345,79;3,044;454550;70103;11889;11770;0,4676;0,5545;13,22;OK
2,700;2777,37;-2744,86;1,23;3001,21;1001,25;15,70;50,00;3271,00;47,19;0,909042;268,64;767,57;346,13;3,047;455661;70100;11889;11770;0,4677;0,5545;13,17;OK
2,710;2774,14;-2734,83;1,25;3001,52;1002,49;22,40;50,00;3272,00;47,34;0,909014;268,64;768,80;346,46;3,051;456773;70097;11889;11770;0,4677;0,5546;13,12;OK
2,720;2770,90;-2724,79;1,26;3001,83;1003,73;29,10;50,00;3273,00;47,49;0,908985;268,64;770,03;346,80;3,055;457885;70095;11889;11770;0,4677;0,5546;13,06;OK
2,730;2767,64;-2714,74;1,28;3002,15;1004,96;35,80;50,00;3274,00;47,65;0,908956;268,64;771,26;347,14;3,059;458999;70092;11889;11770;0,4677;0,5546;13,01;OK
2,740;2764,37;-2704,68;1,30;3002,47;1006,20;42,50;50,00;3275,00;47,80;0,908926;268,64;772,50;347,47;3,062;460114;70089;11889;11770;0,4677;0,5546;12,96;OK
2,750;2761,09;-2694,60;1,32;3002,80;1007,43;49,20;50,00;3276,00;47,95;0,908896;268,63;773,73;347,81;3,066;461229;70086;11889;11770;0,4677;0,5546;12,90;OK
2,760;2757,80;-2684,52;1,34;3003,13;1008,67;55,90;50,00;3277,00;48,10;0,908866;268,63;774,97;348,15;3,070;462346;70083;11889;11770;0,4677;0,5546;12,85;OK
2,770;2754,50;-2674,42;1,36;3003,46;1009,90;62,60;50,00;3278,00;48,25;0,908835;268,63;776,21;348,50;3,074;463463;70080;11889;11770;0,4677;0,5546;12,80;OK
2,780;2751,18;-2664,30;1,38;3003,80;1011,14;69,30;50,00;3279,00;48,40;0,908804;268,63;777,45;348,84;3,077;464582;70077;11889;11770;0,4677;0,5546;12,75;OK
2,790;2747,85;-2654,18;1,40;3004,14;1012,37;76,00;50,00;3280,00;48,55;0,908772;268,63;778,69;349,18;3,081;465701;70074;11889;11770;0,4676;0,5545;12,69;OK
2,800;2744,51;-2644,04;1,42;3004,48;1013,61;82,70;50,00;3281,00;48,70;0,908740;268,62;779,93;349,53;3,085;466822;70071;11889;11770;0,4676;0,5545;12,64;OK
2,810;2741,16;-2633,90;1,44;3004,83;1014,84;89,40;50,00;3282,00;48,84;0,908708;268,62;781,18;349,87;3,089;467943;70068;11889;11770;0,4676;0,5544;12,59;OK
2,820;2737,79;-2623,73;1,46;3005,19;1016,08;96,10;50,00;3283,00;48,99;0,908675;268,62;782,42;350,22;3,093;469065;70065;11889;11770;0,4676;0,5543;12,53;OK
2,830;2734,42;-2613,56;1,49;3005,55;1017,31;102,80;50,00;3284,00;49,14;0,908642;268,62;783,67;350,57;3,096;470189;70062;11889;11770;0,4676;0,5542;12,48;OK
2,840;2731,03;-2603,38;1,51;3005,91;1018,55;109,50;50,00;3285,00;49,28;0,908608;268,61;784,92;350,92;3,100;471313;70059;11889;11770;0,4676;0,5541;12,43;OK
2,850;2727,63;-2593,18;1,53;3006,28;1019,78;116,20;50,00;3286,00;49,43;0,908574;268,61;786,17;351,27;3,104;472438;70056;11889;11770;0,4675;0,5540;12,37;OK
2,860;2724,21;-2582,97;1,55;3006,65;1021,02;122,90;50,00;3287,00;49,57;0,908540;268,61;787,42;351,62;3,108;473564;70052;11889;11770;0,4675;0,5539;12,32;OK
2,870;2720,79;-2572,75;1,57;3007,03;1022,25;129,60;50,00;3288,00;49,72;0,908505;268,61;788,67;351,97;3,111;474691;70049;11889;11770;0,4675;0,5538;12,27;OK
2,880;2717,35;-2562,51;1,59;3007,41;1023,48;136,30;50,00;3289,00;49,86;0,908470;268,60;789,93;352,32;3,115;475819;70046;11889;11770;0,4674;0,5536;12,22;OK
2,890;2713,90;-2552,27;1,62;3007,79;1024,72;143,00;50,00;3290,00;50,00;0,908434;268,60;791,18;352,68;3,119;476948;70042;11889;11770;0,4674;0,5535;12,16;OK
2,900;2710,43;-2542,01;1,64;3008,18;1025,95;149,70;50,00;3291,00;50,15;0,908398;268,60;792,44;353,03;3,123;478078;70039;11889;11770;0,4674;0,5533;12,11;OK
2,910;2706,96;-2531,74;1,66;3008,58;1027,18;156,40;50,00;3292,00;50,29;0,908362;268,60;793,70;353,39;3,126;479209;70035;11889;11770;0,4673;0,5532;12,06;OK
2,920;2703,47;-2521,46;1,69;3008,98;1028,42;163,10;50,00;3293,00;50,43;0,908325;268,59;794,95;353,75;3,130;480341;70032;11889;11770;0,4673;0,5530;12,00;OK
2,930;2699,97;-2511,16;1,71;3009,38;1029,65;169,80;50,00;3294,00;50,57;0,908287;268,59;796,21;354,10;3,134;481474;70028;11889;11770;0,4672;0,5528;11,95;OK
2,940;2696,46;-2500,86;1,73;3009,79;1030,88;176,50;50,00;3295,00;50,71;0,908250;268,59;797,48;354,46;3,138;482608;70025;11889;11770;0,4672;0,5526;11,90;OK
2,950;2692,94;-2490,54;1,76;3010,20;1032,12;183,20;50,00;3296,00;50,84;0,908211;268,59;798,74;354,82;3,142;483742;70021;11889;11770;0,4671;0,5524;11,85;OK
2,960;2689,40;-2480,21;1,78;3010,62;1033,35;189,90;50,00;3297,00;50,98;0,908173;268,58;800,00;355,19;3,145;484878;70017;11889;11770;0,4671;0,5522;11,79;OK
2,970;2685,85;-2469,86;1,80;3011,04;1034,58;196,60;50,00;3298,00;51,12;0,908134;268,58;801,27;355,55;3,149;486015;70014;11889;11770;0,4670;0,5520;11,74;OK
2,980;2682,29;-2459,51;1,83;3011,47;1035,81;203,30;50,00;3299,00;51,26;0,908094;268,58;802,54;355,91;3,153;487152;70010;11889;11770;0,4670;0,5517;11,69;OK
2,990;2678,72;-2449,14;1,85;3011,90;1037,05;210,00;50,00;3300,00;51,39;0,908054;268,58;803,81;356,28;3,157;488291;70006;11889;11770;0,4669;0,5515;11,63;OK
3,000;2675,13;-2438,76;1,88;3012,34;1038,28;216,70;50,00;3301,00;51,53;0,908014;268,57;805,08;356,64;3,160;489430;70002;11889;11770;0,4668;0,5512;11,58;OK
3,010;2671,54;-2428,37;1,90;3012,78;1039,51;223,40;50,00;3302,00;51,66;0,907973;268,57;806,35;357,01;3,164;490571;69998;11889;11770;0,4668;0,5509;11,53;OK
3,020;2667,93;-2417,96;1,93;3013,22;1040,74;230,10;50,00;3303,00;51,79;0,907932;268,57;807,62;357,38;3,168;491712;69994;11889;11770;0,4667;0,5507;11,48;OK
3,030;2664,30;-2407,55;1,96;3013,67;1041,98;236,80;50,00;3304,00;51,93;0,907890;268,56;808,89;357,74;3,172;492854;69990;11889;11770;0,4666;0,5504;11,42;OK
3,040;2660,67;-2397,12;1,98;3014,13;1043,21;243,50;50,00;3305,00;52,06;0,907848;268,56;810,17;358,11;3,175;493998;69986;11889;11770;0,4666;0,5501;11,37;OK
3,050;2657,02;-2386,68;2,01;3014,59;1044,44;250,20;50,00;3306,00;52,19;0,907806;268,56;811,45;358,49;3,179;495142;69982;11889;11770;0,4665;0,5498;11,32;OK
3,060;2653,37;-2376,23;2,03;3015,05;1045,67;256,90;50,00;3307,00;52,32;0,907763;268,56;812,73;358,86;3,183;496287;69978;11889;11770;0,4664;0,5495;11,26;OK
3,070;2649,70;-2365,76;2,06;3015,52;1046,90;263,60;50,00;3308,00;52,45;0,907719;268,55;814,01;359,23;3,187;497433;69974;11889;11770;0,4663;0,5491;11,21;OK
3,080;2646,01;-2355,28;2,09;3016,00;1048,14;270,30;50,00;3309,00;52,58;0,907675;268,55;815,29;359,60;3,191;498580;69970;11889;11770;0,4663;0,5488;11,16;OK
3,090;2642,32;-2344,80;2,12;3016,47;1049,37;277,00;50,00;3310,00;52,71;0,907631;268,55;816,57;359,98;3,194;499728;69966;11889;11770;0,4662;0,5485;11,11;OK
3,100;2638,61;-2334,29;2,14;3016,96;1050,60;283,70;50,00;3311,00;52,84;0,907586;268,54;817,85;360,36;3,198;500877;69962;11889;11770;0,4661;0,5481;11,05;OK
3,110;2634,89;-2323,78;2,17;3017,45;1051,83;290,40;50,00;3312,00;52,96;0,907541;268,54;819,14;360,73;3,202;502027;69957;11889;11770;0,4660;0,5477;11,00;OK
3,120;2631,16;-2313,26;2,20;3017,94;1053,06;297,10;50,00;3313,00;53,09;0,907495;268,54;820,43;361,11;3,206;503178;69953;11889;11770;0,4659;0,5474;10,95;OK
3,130;2627,41;-2302,72;2,23;3018,44;1054,29;303,80;50,00;3314,00;53,21;0,907449;268,53;821,71;361,49;3,209;504330;69948;11889;11770;0,4658;0,5470;10,89;OK
3,140;2623,66;-2292,17;2,26;3018,94;1055,52;310,50;50,00;3315,00;53,34;0,907403;268,53;823,00;361,87;3,213;505482;69944;11889;11770;0,4657;0,5466;10,84;OK
3,150;2619,89;-2281,61;2,29;3019,45;1056,75;317,20;50,00;3316,00;53,46;0,907356;268,53;824,29;362,25;3,217;506636;69940;11889;11770;0,4656;0,5462;10,79;OK
3,160;2616,11;-2271,03;2,31;3019,96;1057,99;323,90;50,00;3317,00;53,59;0,907308;268,52;825,59;362,63;3,221;507791;69935;11889;11770;0,4655;0,5458;10,74;OK
3,170;2612,32;-2260,45;2,34;3020,48;1059,22;330,60;50,00;3318,00;53,71;0,907260;268,52;826,88;363,02;3,224;508946;69930;11889;11770;0,4654;0,5454;10,68;OK
3,180;2608,51;-2249,85;2,37;3021,00;1060,45;337,30;50,00;3319,00;53,83;0,907212;268,52;828,18;363,40;3,228;510103;69926;11889;11770;0,4653;0,5450;10,63;OK
3,190;2604,69;-2239,24;2,40;3021,53;1061,68;344,00;50,00;3320,00;53,95;0,907163;268,51;829,47;363,79;3,232;511260;69921;11889;11770;0,4652;0,5445;10,58;OK
3,200;2600,86;-2228,62;2,43;3022,07;1062,91;350,70;50,00;3321,00;54,07;0,907114;268,51;830,77;364,18;3,236;512418;69917;11889;11770;0,4651;0,5441;10,52;OK
3,210;2597,02;-2217,99;2,46;3022,60;1064,14;357,40;50,00;3322,00;54,19;0,907064;268,51;832,07;364,56;3,240;513578;69912;11889;11770;0,4650;0,5436;10,47;OK
3,220;2593,17;-2207,34;2,49;3023,15;1065,37;364,10;50,00;3323,00;54,31;0,907013;268,50;833,37;364,95;3,243;514738;69907;11889;11770;0,4649;0,5432;10,42;OK
3,230;2589,30;-2196,68;2,53;3023,70;1066,60;370,80;50,00;3324,00;54,43;0,906963;268,50;834,67;365,34;3,247;515899;69902;11889;11770;0,4648;0,5427;10,37;OK
3,240;2585,42;-2186,01;2,56;3024,25;1067,83;377,50;50,00;3325,00;54,54;0,906911;268,50;835,98;365,73;3,251;517061;69897;11889;11770;0,4647;0,5422;10,31;OK
3,250;2581,53;-2175,33;2,59;3024,81;1069,06;384,20;50,00;3326,00;54,66;0,906860;268,49;837,28;366,13;3,255;518224;69892;11889;11770;0,4646;0,5417;10,26;OK
3,260;2577,63;-2164,64;2,62;3025,37;1070,29;390,90;50,00;3327,00;54,77;0,906807;268,49;838,59;366,52;3,258;519388;69887;11889;11770;0,4644;0,5412;10,21;OK
3,270;2573,71;-2153,93;2,65;3025,94;1071,53;397,60;50,00;3328,00;54,89;0,906755;268,49;839,90;366,91;3,262;520553;69882;11889;11770;0,4643;0,5407;10,15;OK
3,280;2569,78;-2143,21;2,69;3026,51;1072,76;404,30;50,00;3329,00;55,00;0,906702;268,48;841,21;367,31;3,266;521719;69877;11890;11770;0,4642;0,5402;10,10;OK
3,290;2565,84;-2132,48;2,72;3027,09;1073,99;411,00;50,00;3330,00;55,11;0,906648;268,48;842,52;367,71;3,270;522886;69872;11890;11770;0,4641;0,5397;10,05;OK
3,300;2561,89;-2121,74;2,75;3027,68;1075,22;417,70;50,00;3331,00;55,22;0,906594;268,47;843,83;368,10;3,273;524053;69867;11890;11770;0,4640;0,5392;10,00;OK
3,310;2557,93;-2110,98;2,78;3028,27;1076,45;424,40;50,00;3332,00;55,34;0,906539;268,47;845,14;368,50;3,277;525222;69862;11890;11770;0,4638;0,5386;9,94;OK
3,320;2553,95;-2100,22;2,82;3028,86;1077,68;431,10;50,00;3333,00;55,44;0,906484;268,47;846,46;368,90;3,281;526392;69857;11890;11770;0,4637;0,5381;9,89;OK
3,330;2549,96;-2089,44;2,85;3029,46;1078,91;437,80;50,00;3334,00;55,55;0,906429;268,46;847,78;369,30;3,285;527562;69851;11890;11770;0,4636;0,5375;9,84;OK
3,340;2545,96;-2078,65;2,89;3030,07;1080,14;444,50;50,00;3335,00;55,66;0,906373;268,46;849,10;369,70;3,289;528734;69846;11890;11770;0,4634;0,5370;9,78;OK
3,350;2541,94;-2067,85;2,92;3030,68;1081,37;451,20;50,00;3336,00;55,77;0,906316;268,45;850,42;370,11;3,292;529906;69841;11890;11770;0,4633;0,5364;9,73;OK
3,360;2537,92;-2057,03;2,96;3031,29;1082,60;457,90;50,00;3337,00;55,88;0,906259;268,45;851,74;370,51;3,296;531080;69835;11890;11770;0,4632;0,5358;9,68;OK
3,370;2533,88;-2046,20;2,99;3031,92;1083,83;464,60;50,00;3338,00;55,98;0,906202;268,45;853,06;370,92;3,300;532254;69830;11890;11770;0,4630;0,5352;9,62;OK
3,380;2529,83;-2035,37;3,03;3032,54;1085,06;471,30;50,00;3339,00;56,09;0,906144;268,44;854,38;371,32;3,304;533429;69824;11890;11770;0,4629;0,5346;9,57;OK
3,390;2525,77;-2024,52;3,06;3033,17;1086,29;478,00;50,00;3340,00;56,19;0,906085;268,44;855,71;371,73;3,307;534605;69819;11890;11770;0,4627;0,5340;9,52;OK
3,400;2521,69;-2013,65;3,10;3033,81;1087,52;484,70;50,00;3341,00;56,29;0,906026;268,43;857,04;372,14;3,311;535782;69813;11890;11770;0,4626;0,5334;9,47;OK
3,410;2517,60;-2002,78;3,13;3034,45;1088,75;491,40;50,00;3342,00;56,40;0,905967;268,43;858,37;372,55;3,315;536960;69807;11890;11770;0,4624;0,5328;9,41;OK
3,420;2513,50;-1991,89;3,17;3035,10;1089,99;498,10;50,00;3343,00;56,50;0,905907;268,43;859,70;372,96;3,319;538139;69802;11890;11770;0,4623;0,5321;9,36;OK
3,430;2509,39;-1980,99;3,21;3035,75;1091,22;504,80;50,00;3344,00;56,60;0,905846;268,42;861,03;373,37;3,322;539319;69796;11890;11770;0,4621;0,5315;9,31;OK
3,440;2505,27;-1970,08;3,25;3036,41;1092,45;511,50;50,00;3345,00;56,70;0,905785;268,42;862,36;373,78;3,326;540500;69790;11890;11770;0,4620;0,5309;9,25;OK
3,450;2501,13;-1959,16;3,28;3037,08;1093,68;518,20;50,00;3346,00;56,80;0,905724;268,41;863,70;374,20;3,330;541682;69784;11890;11770;0,4618;0,5302;9,20;OK
3,460;2496,98;-1948,22;3,32;3037,75;1094,91;524,90;50,00;3347,00;56,89;0,905662;268,41;865,03;374,61;3,334;542865;69778;11890;11770;0,4617;0,5295;9,15;OK
3,470;2492,82;-1937,28;3,36;3038,42;1096,14;531,60;50,00;3348,00;56,99;0,905599;268,40;866,37;375,03;3,338;544048;69772;11890;11770;0,4615;0,5289;9,10;OK
3,480;2488,65;-1926,32;3,40;3039,10;1097,37;538,30;50,00;3349,00;57,09;0,905536;268,40;867,71;375,45;3,341;545233;69766;11890;11770;0,4614;0,5282;9,04;OK
3,490;2484,46;-1915,35;3,44;3039,79;1098,60;545,00;50,00;3350,00;57,18;0,905473;268,40;869,05;375,86;3,345;546419;69760;11890;11770;0,4612;0,5275;8,99;OK
3,500;2480,26;-1904,37;3,48;3040,48;1099,83;551,70;50,00;3351,00;57,27;0,905409;268,39;870,39;376,28;3,349;547605;69754;11890;11770;0,4611;0,5268;8,94;OK
3,510;2476,05;-1893,37;3,51;3041,18;1101,06;558,40;50,00;3352,00;57,37;0,905344;268,39;871,74;376,70;3,353;548792;69748;11890;11770;0,4609;0,5261;8,88;OK
3,520;2471,83;-1882,36;3,55;3041,88;1102,29;565,10;50,00;3353,00;57,46;0,905279;268,38;873,08;377,13;3,356;549981;69742;11890;11770;0,4607;0,5254;8,83;OK
3,530;2467,60;-1871,35;3,59;3042,59;1103,53;571,80;50,00;3354,00;57,55;0,905213;268,38;874,43;377,55;3,360;551170;69736;11890;11770;0,4606;0,5247;8,78;OK
3,540;2463,35;-1860,32;3,64;3043,30;1104,76;578,50;50,00;3355,00;57,64;0,905147;268,37;875,78;377,97;3,364;552360;69729;11890;11770;0,4604;0,5240;8,73;OK
3,550;2459,09;-1849,27;3,68;3044,02;1105,99;585,20;50,00;3356,00;57,73;0,905081;268,37;877,13;378,40;3,368;553552;69723;11890;11770;0,4602;0,5232;8,67;OK
3,560;2454,82;-1838,22;3,72;3044,75;1107,22;591,90;50,00;3357,00;57,82;0,905014;268,36;878,48;378,82;3,372;554744;69717;11890;11770;0,4601;0,5225;8,62;OK
3,570;2450,53;-1827,15;3,76;3045,48;1108,45;598,60;50,00;3358,00;57,91;0,904946;268,36;879,83;379,25;3,375;555937;69710;11890;11770;0,4599;0,5217;8,57;OK
3,580;2446,24;-1816,07;3,80;3046,21;1109,68;605,30;50,00;3359,00;57,99;0,904878;268,35;881,19;379,68;3,379;557131;69704;11890;11770;0,4597;0,5210;8,51;OK
3,590;2441,93;-1804,98;3,84;3046,95;1110,91;612,00;50,00;3360,00;58,08;0,904809;268,35;882,54;380,11;3,383;558326;69697;11890;11770;0,4595;0,5202;8,46;OK
3,600;2437,61;-1793,88;3,88;3047,70;1112,14;618,70;50,00;3361,00;58,16;0,904740;268,34;883,90;380,54;3,387;559521;69691;11890;11770;0,4594;0,5194;8,41;OK
3,610;2433,27;-1782,77;3,93;3048,45;1113,38;625,40;50,00;3362,00;58,25;0,904670;268,34;885,26;380,97;3,390;560718;69684;11890;11770;0,4592;0,5187;8,36;OK
3,620;2428,93;-1771,64;3,97;3049,21;1114,61;632,10;50,00;3363,00;58,33;0,904600;268,34;886,62;381,40;3,394;561916;69677;11890;11770;0,4590;0,5179;8,30;OK
3,630;2424,57;-1760,50;4,01;3049,98;1115,84;638,80;50,00;3364,00;58,41;0,904530;268,33;887,98;381,84;3,398;563115;69671;11890;11770;0,4588;0,5171;8,25;OK
3,640;2420,20;-1749,35;4,06;3050,75;1117,07;645,50;50,00;3365,00;58,49;0,904458;268,33;889,35;382,27;3,402;564314;69664;11890;11770;0,4586;0,5163;8,20;OK
3,650;2415,82;-1738,19;4,10;3051,52;1118,30;652,20;50,00;3366,00;58,57;0,904386;268,32;890,71;382,71;3,406;565515;69657;11890;11770;0,4585;0,5155;8,14;OK
3,660;2411,42;-1727,01;4,15;3052,30;1119,54;658,90;50,00;3367,00;58,65;0,904314;268,32;892,08;383,15;3,409;566716;69650;11890;11770;0,4583;0,5147;8,09;OK
3,670;2407,02;-1715,83;4,19;3053,09;1120,77;665,60;50,00;3368,00;58,73;0,904241;268,31;893,45;383,59;3,413;567919;69643;11890;11770;0,4581;0,5139;8,04;OK
3,680;2402,60;-1704,63;4,24;3053,88;1122,00;672,30;50,00;3369,00;58,80;0,904168;268,30;894,82;384,03;3,417;569122;69636;11890;11770;0,4579;0,5130;7,99;OK
3,690;2398,16;-1693,42;4,28;3054,68;1123,23;679,00;50,00;3370,00;58,88;0,904094;268,30;896,19;384,47;3,421;570326;69629;11890;11770;0,4577;0,5122;7,93;OK
3,700;2393,72;-1682,20;4,33;3055,49;1124,47;685,70;50,00;3371,00;58,95;0,904020;268,29;897,56;384,91;3,425;571531;69622;11890;11770;0,4575;0,5113;7,88;OK
3,710;2389,26;-1670,96;4,37;3056,30;1125,70;692,40;50,00;3372,00;59,03;0,903945;268,29;898,94;385,35;3,428;572738;69615;11890;11770;0,4573;0,5105;7,83;OK
3,720;2384,79;-1659,72;4,42;3057,11;1126,93;699,10;50,00;3373,00;59,10;0,903869;268,28;900,32;385,79;3,432;573945;69608;11891;11770;0,4571;0,5096;7,77;OK
3,730;2380,31;-1648,46;4,47;3057,93;1128,16;705,80;50,00;3374,00;59,17;0,903793;268,28;901,69;386,24;3,436;575153;69601;11891;11770;0,4569;0,5088;7,72;OK
3,740;2375,82;-1637,19;4,51;3058,76;1129,40;712,50;50,00;3375,00;59,24;0,903716;268,27;903,07;386,69;3,440;576362;69593;11891;11770;0,4568;0,5079;7,67;OK
3,750;2371,31;-1625,91;4,56;3059,60;1130,63;719,20;50,00;3376,00;59,31;0,903639;268,27;904,46;387,13;3,443;577571;69586;11891;11770;0,4566;0,5070;7,62;OK
3,760;2366,79;-1614,62;4,61;3060,44;1131,86;725,90;50,00;3377,00;59,38;0,903562;268,26;905,84;387,58;3,447;578782;69579;11891;11770;0,4564;0,5062;7,56;OK
3,770;2362,26;-1603,31;4,66;3061,28;1133,10;732,60;50,00;3378,00;59,45;0,903483;268,26;907,22;388,03;3,451;579994;69571;11891;11770;0,4562;0,5053;7,51;OK
3,780;2357,72;-1591,99;4,71;3062,13;1134,33;739,30;50,00;3379,00;59,51;0,903405;268,25;908,61;388,48;3,455;581207;69564;11891;11770;0,4560;0,5044;7,46;OK
3,790;2353,17;-1580,66;4,75;3062,99;1135,56;746,00;50,00;3380,00;59,58;0,903325;268,25;910,00;388,94;3,459;582420;69556;11891;11770;0,4558;0,5035;7,40;OK
3,800;2348,60;-1569,32;4,80;3063,85;1136,80;752,70;50,00;3381,00;59,64;0,903246;268,24;911,39;389,39;3,462;583635;69549;11891;11770;0,4556;0,5025;7,35;OK
3,810;2344,02;-1557,97;4,85;3064,72;1138,03;759,40;50,00;3382,00;59,71;0,903165;268,23;912,78;389,84;3,466;584851;69541;11891;11770;0,4554;0,5016;7,30;OK
3,820;2339,42;-1546,60;4,90;3065,59;1139,26;766,10;50,00;3383,00;59,77;0,903084;268,23;914,17;390,30;3,470;586067;69533;11891;11770;0,4552;0,5007;7,25;OK
3,830;2334,82;-1535,23;4,95;3066,47;1140,50;772,80;50,00;3384,00;59,83;0,903003;268,22;915,57;390,76;3,474;587284;69525;11891;11770;0,4550;0,4998;7,19;OK
3,840;2330,20;-1523,84;5,00;3067,36;1141,73;779,50;50,00;3385,00;59,89;0,902921;268,22;916,96;391,21;3,478;588503;69518;11891;11770;0,4547;0,4988;7,14;OK
3,850;2325,57;-1512,44;5,06;3068,25;1142,97;786,20;50,00;3386,00;59,95;0,902838;268,21;918,36;391,67;3,481;589722;69510;11891;11770;0,4545;0,4979;7,09;OK
3,860;2320,93;-1501,03;5,11;3069,15;1144,20;792,90;50,00;3387,00;60,01;0,902755;268,21;919,76;392,13;3,485;590942;69502;11891;11770;0,4543;0,4969;7,03;OK
3,870;2316,28;-1489,60;5,16;3070,06;1145,44;799,60;50,00;3388,00;60,07;0,902672;268,20;921,16;392,59;3,489;592163;69494;11891;11770;0,4541;0,4960;6,98;OK
3,880;2311,61;-1478,16;5,21;3070,97;1146,67;806,30;50,00;3389,00;60,12;0,902587;268,19;922,56;393,06;3,493;593386;69486;11891;11770;0,4539;0,4950;6,93;OK
3,890;2306,93;-1466,72;5,26;3071,88;1147,91;813,00;50,00;3390,00;60,18;0,902503;268,19;923,97;393,52;3,497;594609;69478;11891;11770;0,4537;0,4941;6,87;OK
3,900;2302,24;-1455,25;5,32;3072,81;1149,14;819,70;50,00;3391,00;60,23;0,902417;268,18;925,37;393,98;3,500;595833;69470;11891;11770;0,4535;0,4931;6,82;OK
3,910;2297,53;-1443,78;5,37;3073,73;1150,38;826,40;50,00;3392,00;60,28;0,902331;268,18;926,78;394,45;3,504;597057;69462;11891;11770;0,4533;0,4921;6,77;OK
3,920;2292,82;-1432,30;5,42;3074,67;1151,61;833,10;50,00;3393,00;60,34;0,902245;268,17;928,19;394,92;3,508;598283;69453;11891;11770;0,4531;0,4911;6,72;OK
3,930;2288,09;-1420,80;5,48;3075,61;1152,85;839,80;50,00;3394,00;60,39;0,902158;268,16;929,60;395,38;3,512;599510;69445;11891;11770;0,4528;0,4901;6,66;OK
3,940;2283,35;-1409,29;5,53;3076,56;1154,08;846,50;50,00;3395,00;60,44;0,902070;268,16;931,01;395,85;3,516;600738;69437;11891;11770;0,4526;0,4891;6,61;OK
3,950;2278,59;-1397,77;5,59;3077,51;1155,32;853,20;50,00;3396,00;60,48;0,901982;268,15;932,43;396,32;3,519;601967;69428;11891;11770;0,4524;0,4881;6,56;OK
3,960;2273,83;-1386,24;5,64;3078,47;1156,56;859,90;50,00;3397,00;60,53;0,901894;268,15;933,84;396,80;3,523;603196;69420;11891;11770;0,4522;0,4871;6,50;OK
3,970;2269,05;-1374,70;5,70;3079,43;1157,79;866,60;50,00;3398,00;60,58;0,901805;268,14;935,26;397,27;3,527;604427;69412;11891;11770;0,4520;0,4861;6,45;OK
3,980;2264,26;-1363,14;5,75;3080,40;1159,03;873,30;50,00;3399,00;60,62;0,901715;268,13;936,68;397,74;3,531;605658;69403;11891;11770;0,4518;0,4851;6,40;OK
3,990;2259,46;-1351,58;5,81;3081,38;1160,27;880,00;50,00;3400,00;60,67;0,901625;268,13;938,10;398,22;3,535;606891;69394;11891;11770;0,4515;0,4840;6,35;OK
4,000;2254,64;-1340,00;5,87;3082,36;1161,50;886,70;50,00;3401,00;60,71;0,901534;268,12;939,53;398,69;3,538;608124;69386;11891;11770;0,4513;0,4830;6,29;OK
4,010;2249,81;-1328,40;5,93;3083,35;1162,74;893,40;50,00;3402,00;60,75;0,901442;268,11;940,95;399,17;3,542;609358;69377;11891;11770;0,4511;0,4819;6,24;OK
4,020;2244,97;-1316,80;5,98;3084,35;1163,98;900,10;50,00;3403,00;60,79;0,901350;268,11;942,38;399,65;3,546;610593;69368;11891;11770;0,4509;0,4809;6,19;OK
4,030;2240,12;-1305,19;6,04;3085,35;1165,21;906,80;50,00;3404,00;60,83;0,901258;268,10;943,80;400,13;3,550;611830;69360;11891;11770;0,4507;0,4798;6,13;OK
4,040;2235,25;-1293,56;6,10;3086,36;1166,45;913,50;50,00;3405,00;60,87;0,901165;268,10;945,23;400,61;3,554;613067;69351;11892;11770;0,4504;0,4788;6,08;OK
4,050;2230,38;-1281,92;6,16;3087,37;1167,69;920,20;50,00;3406,00;60,91;0,901071;268,09;946,67;401,09;3,558;614305;69342;11892;11770;0,4502;0,4777;6,03;OK
4,060;2225,48;-1270,27;6,22;3088,39;1168,93;926,90;50,00;3407,00;60,94;0,900977;268,08;948,10;401,58;3,561;615544;69333;11892;11770;0,4500;0,4767;5,98;OK
4,070;2220,58;-1258,61;6,28;3089,42;1170,17;933,60;50,00;3408,00;60,98;0,900882;268,08;949,53;402,06;3,565;616784;69324;11892;11770;0,4498;0,4756;5,92;OK
4,080;2215,67;-1246,93;6,34;3090,45;1171,40;940,30;50,00;3409,00;61,01;0,900786;268,07;950,97;402,55;3,569;618024;69315;11892;11770;0,4495;0,4745;5,87;OK
4,090;2210,74;-1235,25;6,40;3091,49;1172,64;947,00;50,00;3410,00;61,05;0,900690;268,06;952,41;403,03;3,573;619266;69306;11892;11770;0,4493;0,4734;5,82;OK
4,100;2205,80;-1223,55;6,46;3092,53;1173,88;953,70;50,00;3411,00;61,08;0,900594;268,06;953,85;403,52;3,577;620509;69296;11892;11770;0,4491;0,4723;5,76;OK
4,110;2200,85;-1211,84;6,52;3093,58;1175,12;960,40;50,00;3412,00;61,11;0,900497;268,05;955,29;404,01;3,580;621753;69287;11892;11770;0,4488;0,4712;5,71;OK
4,120;2195,88;-1200,12;6,58;3094,64;1176,36;967,10;50,00;3413,00;61,14;0,900399;268,04;956,73;404,50;3,584;622997;69278;11892;11770;0,4486;0,4701;5,66;OK
4,130;2190,90;-1188,38;6,64;3095,70;1177,60;973,80;50,00;3414,00;61,17;0,900301;268,03;958,18;404,99;3,588;624243;69269;11892;11770;0,4484;0,4690;5,61;OK
4,140;2185,91;-1176,64;6,71;3096,77;1178,84;980,50;50,00;3415,00;61,19;0,900202;268,03;959,63;405,48;3,592;625489;69259;11892;11770;0,4482;0,4679;5,55;OK
4,150;2180,91;-1164,88;6,77;3097,85;1180,08;987,20;50,00;3416,00;61,22;0,900103;268,02;961,08;405,98;3,596;626737;69250;11892;11770;0,4479;0,4668;5,50;OK
4,160;2175,90;-1153,11;6,83;3098,93;1181,32;993,90;50,00;3417,00;61,25;0,900003;268,01;962,53;406,47;3,600;627985;69240;11892;11770;0,4477;0,4656;5,45;OK
4,170;2170,87;-1141,33;6,89;3100,02;1182,56;1000,60;50,00;3418,00;61,27;0,899902;268,01;963,98;406,97;3,603;629234;69231;11892;11770;0,4475;0,4645;5,39;OK
4,180;2165,83;-1129,53;6,96;3101,11;1183,80;1007,30;50,01;3419,01;61,29;0,899801;268,00;965,43;407,47;3,607;630485;69221;11892;11770;0,4472;0,4634;5,34;OK
4,190;2160,78;-1117,73;7,02;3102,21;1185,04;1014,00;50,04;3420,03;62,37;0,899700;267,99;966,89;407,96;3,611;631736;69211;11892;11770;0,4486;0,4702;5,29;OK
4,200;2155,72;-1105,91;7,09;3103,32;1186,28;1020,70;50,07;3421,06;63,47;0,899597;267,99;968,34;408,46;3,615;632985;69202;11892;11770;0,4501;0,4771;5,24;OK
4,210;2150,65;-1094,08;7,15;3104,43;1187,52;1027,40;50,12;3422,11;64,58;0,899495;267,98;969,80;408,97;3,619;634232;69192;11892;11770;0,4516;0,4842;5,18;OK
4,220;2145,56;-1082,24;7,22;3105,55;1188,75;1034,09;50,18;3423,16;65,71;0,899391;267,97;971,25;409,47;3,622;635476;69182;11892;11770;0,4531;0,4913;5,13;OK
4,230;2140,47;-1070,39;7,29;3106,68;1189,98;1040,79;50,25;3424,23;66,86;0,899287;267,96;972,69;409,97;3,626;636718;69172;11892;11770;0,4547;0,4984;5,08;OK
4,240;2135,36;-1058,53;7,36;3107,82;1191,21;1047,49;50,33;3425,30;68,02;0,899182;267,96;974,14;410,48;3,630;637958;69162;11892;11770;0,4563;0,5057;5,02;OK
4,250;2130,24;-1046,65;7,43;3108,96;1192,43;1054,19;50,42;3426,39;69,20;0,899077;267,95;975,59;410,98;3,634;639195;69152;11892;11770;0,4579;0,5130;4,97;OK
4,260;2125,12;-1034,76;7,50;3110,10;1193,65;1060,88;50,53;3427,49;70,38;0,898971;267,94;977,03;411,49;3,638;640430;69142;11892;11770;0,4596;0,5203;4,92;OK
4,270;2119,98;-1022,86;7,57;3111,26;1194,87;1067,58;50,65;3428,59;71,58;0,898865;267,93;978,47;412,00;3,641;641662;69132;11892;11770;0,4613;0,5278;4,87;OK
4,280;2114,83;-1010,95;7,64;3112,42;1196,09;1074,27;50,78;3429,71;72,80;0,898758;267,93;979,91;412,50;3,645;642891;69122;11892;11770;0,4630;0,5352;4,81;OK
4,290;2109,67;-999,03;7,72;3113,59;1197,30;1080,97;50,92;3430,84;74,02;0,898650;267,92;981,35;413,02;3,649;644117;69112;11892;11770;0,4648;0,5427;4,76;OK
4,300;2104,50;-987,10;7,80;3114,77;1198,51;1087,66;51,07;3431,98;75,26;0,898541;267,91;982,78;413,53;3,653;645341;69101;11892;11770;0,4666;0,5503;4,71;OK
4,310;2099,32;-975,16;7,87;3115,95;1199,71;1094,36;51,24;3433,13;76,50;0,898432;267,90;984,21;414,04;3,656;646561;69091;11892;11770;0,4685;0,5579;4,65;OK
4,320;2094,13;-963,20;7,96;3117,15;1200,91;1101,05;51,41;3434,29;77,76;0,898322;267,90;985,64;414,55;3,660;647779;69081;11893;11770;0,4703;0,5655;4,60;OK
4,330;2088,93;-951,23;8,04;3118,35;1202,11;1107,75;51,60;3435,47;79,02;0,898211;267,89;987,07;415,07;3,664;648993;69070;11893;11770;0,4723;0,5731;4,55;OK
4,340;2083,71;-939,26;8,12;3119,55;1203,31;1114,44;51,80;3436,65;80,29;0,898100;267,88;988,49;415,58;3,667;650204;69060;11893;11770;0,4742;0,5808;4,50;OK
4,350;2078,49;-927,27;8,21;3120,77;1204,50;1121,13;52,01;3437,85;81,57;0,897988;267,87;989,91;416,10;3,671;651412;69049;11893;11770;0,4762;0,5884;4,44;OK
4,360;2073,26;-915,27;8,30;3121,99;1205,69;1127,82;52,24;3439,05;82,86;0,897875;267,86;991,33;416,62;3,675;652616;69038;11893;11770;0,4782;0,5961;4,39;OK
4,370;2068,01;-903,25;8,39;3123,23;1206,88;1134,52;52,47;3440,27;84,16;0,897762;267,86;992,74;417,14;3,678;653818;69027;11893;11770;0,4802;0,6038;4,34;OK
4,380;2062,76;-891,23;8,49;3124,47;1208,06;1141,21;52,72;3441,49;85,46;0,897648;267,85;994,16;417,66;3,682;655015;69017;11893;11770;0,4823;0,6115;4,28;OK
4,390;2057,49;-879,20;8,59;3125,72;1209,24;1147,90;52,98;3442,73;86,77;0,897533;267,84;995,56;418,18;3,686;656209;69006;11893;11770;0,4844;0,6193;4,23;OK
4,400;2052,22;-867,16;8,69;3126,97;1210,41;1154,59;53,25;3443,98;88,09;0,897417;267,83;996,97;418,70;3,689;657400;68995;11893;11770;0,4865;0,6270;4,18;OK
4,410;2046,93;-855,10;8,79;3128,24;1211,58;1161,28;53,53;3445,24;89,41;0,897300;267,82;998,37;419,23;3,693;658587;68984;11893;11770;0,4886;0,6347;4,12;OK
4,420;2041,64;-843,03;8,90;3129,51;1212,75;1167,97;53,83;3446,51;90,74;0,897183;267,82;999,77;419,75;3,697;659770;68972;11893;11770;0,4908;0,6424;4,07;OK
4,430;2036,33;-830,96;9,01;3130,80;1213,91;1174,66;54,13;3447,79;92,07;0,897065;267,81;1001,17;420,28;3,700;660950;68961;11893;11770;0,4930;0,6502;4,02;OK
4,440;2031,01;-818,87;9,12;3132,09;1215,07;1181,35;54,45;3449,08;93,41;0,896946;267,80;1002,56;420,80;3,704;662125;68950;11893;11770;0,4952;0,6579;3,97;OK
4,450;2025,69;-806,77;9,24;3133,39;1216,23;1188,04;54,78;3450,38;94,75;0,896826;267,79;1003,95;421,33;3,707;663297;68939;11893;11770;0,4975;0,6656;3,91;OK
4,460;2020,35;-794,67;9,36;3134,70;1217,38;1194,73;55,12;3451,69;96,10;0,896706;267,78;1005,34;421,86;3,711;664465;68927;11893;11770;0,4997;0,6733;3,86;OK
4,470;2015,01;-782,55;9,48;3136,02;1218,53;1201,41;55,47;3453,02;97,45;0,896584;267,77;1006,72;422,39;3,715;665628;68916;11893;11770;0,5020;0,6810;3,81;OK
4,480;2009,65;-770,42;9,61;3137,35;1219,67;1208,10;55,84;3454,35;98,81;0,896462;267,77;1008,10;422,92;3,718;666788;68904;11893;11770;0,5043;0,6886;3,75;OK
4,490;2004,29;-758,28;9,74;3138,69;1220,81;1214,79;56,22;3455,70;100,16;0,896339;267,76;1009,48;423,46;3,722;667944;68892;11893;11770;0,5067;0,6963;3,70;OK
4,500;1998,91;-746,13;9,87;3140,04;1221,95;1221,48;56,60;3457,05;101,53;0,896215;267,75;1010,85;423,99;3,725;669095;68881;11893;11770;0,5090;0,7039;3,65;OK
4,510;1993,53;-733,97;10,01;3141,39;1223,08;1228,16;57,00;3458,42;102,89;0,896090;267,74;1012,22;424,52;3,729;670242;68869;11893;11770;0,5114;0,7116;3,60;OK
4,520;1988,13;-721,80;10,16;3142,76;1224,21;1234,85;57,42;3459,80;104,26;0,895965;267,73;1013,59;425,06;3,732;671385;68857;11893;11770;0,5138;0,7192;3,54;OK
4,530;1982,73;-709,62;10,31;3144,14;1225,33;1241,53;57,84;3461,19;105,63;0,895838;267,72;1014,95;425,60;3,736;672523;68845;11893;11770;0,5162;0,7268;3,49;OK
4,540;1977,31;-697,43;10,46;3145,53;1226,45;1248,22;58,28;3462,59;107,00;0,895710;267,71;1016,31;426,13;3,739;673657;68833;11893;11770;0,5186;0,7343;3,44;OK
4,550;1971,89;-685,23;10,62;3146,92;1227,57;1254,90;58,72;3464,00;108,37;0,895582;267,70;1017,66;426,67;3,743;674787;68821;11894;11770;0,5211;0,7419;3,38;OK
4,560;1966,46;-673,02;10,78;3148,33;1228,68;1261,59;59,18;3465,42;109,74;0,895453;267,70;1019,01;427,21;3,746;675912;68808;11894;11770;0,5235;0,7494;3,33;OK
4,570;1961,01;-660,80;10,95;3149,75;1229,79;1268,27;59,65;3466,85;111,12;0,895323;267,69;1020,36;427,75;3,750;677033;68796;11894;11770;0,5260;0,7569;3,28;OK
4,580;1955,56;-648,56;11,12;3151,17;1230,89;1274,96;60,14;3468,29;112,50;0,895192;267,68;1021,70;428,29;3,753;678149;68783;11894;11770;0,5285;0,7643;3,23;OK
4,590;1950,10;-636,33;11,30;3152,61;1231,99;1281,64;60,63;3469,74;113,88;0,895059;267,67;1023,04;428,84;3,756;679260;68771;11894;11770;0,5310;0,7718;3,17;OK
4,600;1944,63;-624,08;11,48;3154,06;1233,08;1288,32;61,14;3471,21;115,26;0,894926;267,66;1024,37;429,38;3,760;680367;68758;11894;11770;0,5336;0,7792;3,12;OK
4,610;1939,15;-611,82;11,67;3155,52;1234,18;1295,00;61,65;3472,68;116,64;0,894793;267,65;1025,70;429,92;3,763;681469;68746;11894;11770;0,5361;0,7865;3,07;OK
4,620;1933,66;-599,55;11,86;3156,99;1235,26;1301,69;62,18;3474,17;118,02;0,894658;267,64;1027,02;430,47;3,767;682566;68733;11894;11770;0,5387;0,7939;3,01;OK
4,630;1928,17;-587,27;12,06;3158,47;1236,34;1308,37;62,73;3475,67;119,40;0,894522;267,63;1028,35;431,02;3,770;683659;68720;11894;11770;0,5412;0,8012;2,96;OK
4,640;1922,66;-574,98;12,26;3159,96;1237,42;1315,05;63,28;3477,17;120,78;0,894385;267,62;1029,66;431,56;3,773;684746;68707;11894;11770;0,5438;0,8085;2,91;OK
4,650;1917,14;-562,68;12,47;3161,46;1238,49;1321,73;63,84;3478,69;122,16;0,894247;267,61;1030,98;432,11;3,777;685829;68694;11894;11770;0,5464;0,8157;2,86;OK
4,660;1911,62;-550,38;12,69;3162,98;1239,56;1328,41;64,42;3480,22;123,54;0,894108;267,60;1032,28;432,66;3,780;686907;68681;11894;11770;0,5490;0,8229;2,80;OK
4,670;1906,09;-538,06;12,91;3164,50;1240,63;1335,09;65,01;3481,76;124,92;0,893968;267,59;1033,59;433,21;3,783;687980;68667;11894;11770;0,5516;0,8301;2,75;OK
4,680;1900,54;-525,74;13,14;3166,04;1241,69;1341,77;65,61;3483,31;126,30;0,893827;267,58;1034,89;433,76;3,787;689048;68654;11894;11770;0,5542;0,8373;2,70;OK
4,690;1894,99;-513,40;13,37;3167,58;1242,75;1348,45;66,22;3484,87;127,68;0,893685;267,57;1036,19;434,32;3,790;690111;68641;11894;11770;0,5568;0,8444;2,64;OK
4,700;1889,43;-501,06;13,62;3169,14;1243,80;1355,13;66,85;3486,44;129,06;0,893542;267,56;1037,48;434,87;3,793;691169;68627;11894;11770;0,5595;0,8514;2,59;OK
4,710;1883,87;-488,71;13,86;3170,71;1244,84;1361,81;67,48;3488,02;130,44;0,893398;267,55;1038,76;435,42;3,796;692222;68613;11894;11770;0,5621;0,8584;2,54;OK
4,720;1878,29;-476,35;14,12;3172,30;1245,89;1368,48;68,13;3489,62;131,81;0,893253;267,54;1040,05;435,98;3,800;693269;68600;11894;11770;0,5648;0,8654;2,49;OK
4,730;1872,70;-463,98;14,38;3173,89;1246,93;1375,16;68,79;3491,22;133,19;0,893107;267,53;1041,32;436,53;3,803;694312;68586;11894;11770;0,5674;0,8724;2,43;OK
4,740;1867,11;-451,60;14,65;3175,49;1247,96;1381,84;69,46;3492,84;134,56;0,892960;267,52;1042,60;437,09;3,806;695350;68572;11894;11770;0,5701;0,8793;2,38;OK
4,750;1861,51;-439,21;14,92;3177,11;1248,99;1388,52;70,14;3494,46;135,93;0,892812;267,51;1043,87;437,65;3,809;696382;68558;11895;11770;0,5728;0,8862;2,33;OK
4,760;1855,90;-426,82;15,20;3178,74;1250,01;1395,19;70,84;3496,10;137,30;0,892663;267,50;1045,13;438,21;3,813;697409;68544;11895;11770;0,5754;0,8930;2,27;OK
4,770;1850,28;-414,41;15,49;3180,38;1251,04;1401,87;71,54;3497,75;138,67;0,892512;267,49;1046,39;438,77;3,816;698431;68529;11895;11770;0,5781;0,8998;2,22;OK
4,780;1844,65;-402,00;15,79;3182,04;1252,05;1408,54;72,26;3499,41;140,03;0,892361;267,48;1047,65;439,33;3,819;699448;68515;11895;11770;0,5808;0,9065;2,17;OK
4,790;1839,02;-389,58;16,09;3183,70;1253,06;1415,22;72,99;3501,07;141,40;0,892208;267,47;1048,90;439,89;3,822;700459;68500;11895;11770;0,5835;0,9132;2,12;OK
4,800;1833,38;-377,15;16,40;3185,38;1254,07;1421,89;73,73;3502,75;142,76;0,892054;267,46;1050,15;440,45;3,825;701465;68486;11895;11770;0,5862;0,9199;2,06;OK
4,810;1827,73;-364,72;16,72;3187,07;1255,08;1428,57;74,49;3504,45;144,12;0,891899;267,45;1051,39;441,01;3,828;702466;68471;11895;11770;0,5888;0,9265;2,01;OK
4,820;1822,07;-352,27;17,05;3188,78;1256,07;1435,24;75,25;3506,15;145,47;0,891743;267,43;1052,62;441,58;3,831;703462;68456;11895;11770;0,5915;0,9331;1,96;OK
4,830;1816,40;-339,82;17,38;3190,49;1257,07;1441,92;76,03;3507,86;146,83;0,891586;267,42;1053,86;442,14;3,835;704452;68442;11895;11770;0,5942;0,9396;1,90;OK
4,840;1810,73;-327,36;17,73;3192,22;1258,06;1448,59;76,82;3509,58;148,18;0,891428;267,41;1055,09;442,71;3,838;705437;68426;11895;11770;0,5969;0,9461;1,85;OK
4,850;1805,04;-314,89;18,08;3193,96;1259,05;1455,26;77,62;3511,32;149,53;0,891268;267,40;1056,31;443,27;3,841;706417;68411;11895;11770;0,5996;0,9525;1,80;OK
4,860;1799,35;-302,41;18,44;3195,72;1260,03;1461,93;78,43;3513,06;150,87;0,891108;267,39;1057,53;443,84;3,844;707391;68396;11895;11770;0,6023;0,9589;1,75;OK
4,870;1793,66;-289,92;18,81;3197,49;1261,00;1468,61;79,25;3514,82;152,21;0,890946;267,38;1058,74;444,41;3,847;708360;68381;11895;11770;0,6050;0,9653;1,69;OK
4,880;1787,95;-277,43;19,18;3199,27;1261,98;1475,28;80,09;3516,58;153,55;0,890783;267,37;1059,95;444,98;3,850;709324;68365;11895;11770;0,6077;0,9716;1,64;OK
4,890;1782,24;-264,93;19,57;3201,06;1262,95;1481,95;80,94;3518,36;154,89;0,890619;267,35;1061,16;445,55;3,853;710282;68350;11895;11770;0,6104;0,9778;1,59;OK
4,900;1776,52;-252,42;19,96;3202,87;1263,91;1488,62;81,80;3520,15;156,22;0,890454;267,34;1062,36;446,12;3,856;711235;68334;11895;11770;0,6130;0,9840;1,53;OK
4,910;1770,80;-239,91;20,36;3204,69;1264,87;1495,29;82,67;3521,95;157,55;0,890287;267,33;1063,56;446,69;3,859;712182;68318;11895;11770;0,6157;0,9902;1,48;OK
4,920;1765,06;-227,38;20,77;3206,53;1265,82;1501,96;83,55;3523,75;158,87;0,890119;267,32;1064,75;447,26;3,862;713124;68302;11895;11770;0,6184;0,9963;1,43;OK
4,930;1759,32;-214,85;21,19;3208,37;1266,78;1508,63;84,44;3525,57;160,19;0,889950;267,31;1065,93;447,83;3,865;714061;68286;11896;11770;0,6211;1,0024;1,37;OK
4,940;1753,57;-202,32;21,62;3210,24;1267,72;1515,30;85,35;3527,41;161,51;0,889780;267,30;1067,12;448,41;3,868;714993;68270;11896;11770;0,6237;1,0084;1,32;OK
4,950;1747,82;-189,77;22,06;3212,11;1268,67;1521,97;86,27;3529,25;162,82;0,889609;267,28;1068,30;448,98;3,871;715918;68254;11896;11770;0,6264;1,0144;1,27;OK
4,960;1742,05;-177,22;22,51;3214,00;1269,60;1528,64;87,20;3531,10;164,13;0,889436;267,27;1069,47;449,55;3,874;716839;68238;11896;11770;0,6290;1,0203;1,22;OK
4,970;1736,29;-164,66;22,97;3215,90;1270,54;1535,30;88,14;3532,96;165,43;0,889262;267,26;1070,64;450,13;3,877;717754;68221;11896;11770;0,6317;1,0262;1,16;OK
4,980;1730,51;-152,10;23,43;3217,82;1271,47;1541,97;89,09;3534,84;166,73;0,889087;267,25;1071,80;450,71;3,880;718664;68205;11896;11770;0,6343;1,0321;1,11;OK
4,990;1724,73;-139,53;23,91;3219,75;1272,40;1548,64;90,06;3536,72;168,03;0,888911;267,23;1072,96;451,28;3,883;719569;68188;11896;11770;0,6370;1,0378;1,06;OK
5,000;1718,94;-126,95;24,40;3221,70;1273,32;1555,31;91,04;3538,62;169,32;0,888733;267,22;1074,12;451,86;3,886;720468;68171;11896;11770;0,6396;1,0436;1,00;OK
5,010;1713,14;-114,36;24,89;3223,66;1274,24;1561,97;92,03;3540,52;170,61;0,888554;267,21;1075,27;452,44;3,888;721362;68154;11896;11770;0,6422;1,0493;0,95;OK
5,020;1707,34;-101,77;25,40;3225,63;1275,15;1568,64;93,03;3542,44;171,89;0,888374;267,20;1076,42;453,02;3,891;722250;68137;11896;11770;0,6448;1,0549;0,90;OK
5,030;1701,53;-89,17;25,92;3227,62;1276,06;1575,30;94,04;3544,37;173,17;0,888192;267,18;1077,56;453,60;3,894;723133;68120;11896;11770;0,6474;1,0605;0,85;OK
5,040;1695,71;-76,57;26,44;3229,62;1276,96;1581,97;95,06;3546,31;174,44;0,888009;267,17;1078,70;454,18;3,897;724011;68103;11896;11770;0,6500;1,0660;0,79;OK
5,050;1689,89;-63,95;26,98;3231,64;1277,87;1588,63;96,10;3548,26;175,71;0,887825;267,16;1079,83;454,76;3,900;724884;68085;11896;11770;0,6526;1,0715;0,74;OK
5,060;1684,06;-51,34;27,53;3233,67;1278,76;1595,30;97,15;3550,22;176,97;0,887640;267,14;1080,96;455,34;3,903;725751;68068;11896;11770;0,6552;1,0770;0,69;OK
5,070;1678,23;-38,71;28,09;3235,72;1279,66;1601,96;98,21;3552,19;178,23;0,887453;267,13;1082,08;455,92;3,906;726613;68050;11896;11770;0,6577;1,0824;0,63;OK
5,080;1672,39;-26,08;28,66;3237,78;1280,55;1608,63;99,28;3554,17;179,49;0,887265;267,12;1083,20;456,51;3,908;727470;68032;11897;11770;0,6603;1,0877;0,58;OK
5,090;1666,54;-13,45;29,24;3239,85;1281,43;1615,29;100,36;3556,16;180,73;0,887075;267,10;1084,32;457,09;3,911;728322;68014;11897;11770;0,6628;1,0930;0,53;OK
5,100;1660,69;-0,80;29,83;3241,95;1282,32;1621,95;101,46;3558,17;181,98;0,886885;267,09;1085,43;457,67;3,914;729168;67996;11897;11770;0,6654;1,0983;0,48;OK
5,110;1654,83;11,84;30,43;3244,05;1283,19;1628,61;102,56;3560,18;183,21;0,886693;267,08;1086,54;458,26;3,917;730009;67978;11897;11770;0,6679;1,1035;0,42;OK
5,120;1648,96;24,50;31,04;3246,17;1284,07;1635,28;103,68;3562,21;184,45;0,886499;267,06;1087,64;458,84;3,920;730845;67960;11897;11770;0,6704;1,1086;0,37;OK
5,130;1643,09;37,16;31,67;3248,31;1284,94;1641,94;104,81;3564,24;185,67;0,886304;267,05;1088,74;459,43;3,922;731676;67941;11897;11770;0,6729;1,1137;0,32;OK
5,140;1637,22;49,82;32,30;3250,46;1285,81;1648,60;105,95;3566,29;186,90;0,886108;267,04;1089,84;460,02;3,925;732502;67923;11897;11770;0,6754;1,1188;0,26;OK
5,150;1631,34;62,49;32,95;3252,63;1286,67;1655,26;107,11;3568,35;188,11;0,885911;267,02;1090,93;460,60;3,928;733322;67904;11897;11770;0,6778;1,1238;0,21;OK
5,160;1625,45;75,17;33,61;3254,81;1287,53;1661,92;108,27;3570,42;189,32;0,885712;267,01;1092,02;461,19;3,931;734138;67885;11897;11770;0,6803;1,1287;0,16;OK
5,170;1619,55;87,85;34,28;3257,01;1288,39;1668,58;109,45;3572,49;190,53;0,885512;266,99;1093,10;461,78;3,933;734949;67866;11897;11770;0,6827;1,1336;0,11;OK
5,180;1613,66;100,54;34,96;3259,22;1289,24;1675,24;110,64;3574,58;191,73;0,885310;266,98;1094,18;462,37;3,936;735754;67847;11897;11770;0,6851;1,1385;0,05;OK
5,190;1607,75;113,23;35,65;3261,45;1290,09;1681,90;111,84;3576,69;192,92;0,885107;266,97;1095,26;462,96;3,939;736555;67828;11897;11770;0,6876;1,1433;0,00;OK
5,200;1601,84;125,92;36,36;3263,69;1290,93;1688,56;113,05;3578,80;194,11;0,884903;266,95;1096,33;463,55;3,941;737350;67808;0;0;0,6899;1,1480;0,00;OK
5,210;1595,94;138,59;37,07;3265,95;1289,73;1695,22;114,28;3580,92;194,57;0,884697;266,94;1094,76;464,14;3,938;735800;67789;0;0;0,6926;1,1532;0,00;OK
5,220;1590,05;151,25;37,80;3268,22;1288,52;1701,87;115,51;3583,05;195,03;0,884490;266,92;1093,20;464,73;3,934;734250;67769;0;0;0,6952;1,1583;0,00;OK
5,230;1584,17;163,89;38,54;3270,50;1287,31;1708,53;116,76;3585,20;195,49;0,884282;266,91;1091,63;465,31;3,931;732700;67750;0;0;0,6978;1,1635;0,00;OK
5,240;1578,31;176,52;39,29;3272,79;1286,10;1715,19;118,02;3587,35;195,93;0,884074;266,89;1090,07;465,89;3,927;731150;67730;0;0;0,7005;1,1686;0,00;OK
5,250;1572,47;189,13;40,05;3275,09;1284,89;1721,85;119,29;3589,52;196,38;0,883864;266,88;1088,50;466,47;3,923;729600;67710;0;0;0,7031;1,1738;0,00;OK
5,260;1566,64;201,72;40,82;3277,41;1283,67;1728,50;120,57;3591,69;196,82;0,883653;266,86;1086,94;467,05;3,920;728051;67690;0;0;0,7058;1,1789;0,00;OK
5,270;1560,83;214,31;41,60;3279,73;1282,46;1735,16;121,87;3593,88;197,26;0,883441;266,85;1085,38;467,62;3,916;726502;67670;0;0;0,7084;1,1840;0,00;OK
5,280;1555,03;226,87;42,39;3282,07;1281,25;1741,81;123,17;3596,08;197,69;0,883227;266,83;1083,81;468,19;3,913;724953;67650;0;0;0,7111;1,1892;0,00;OK
5,290;1549,25;239,42;43,20;3284,42;1280,03;1748,47;124,49;3598,29;198,11;0,883013;266,82;1082,25;468,76;3,909;723404;67630;0;0;0,7138;1,1943;0,00;OK
5,300;1543,48;251,96;44,01;3286,79;1278,82;1755,12;125,82;3600,50;198,53;0,882798;266,80;1080,69;469,32;3,905;721855;67609;0;0;0,7165;1,1994;0,00;OK
5,310;1537,73;264,48;44,84;3289,16;1277,60;1761,78;127,17;3602,74;198,95;0,882582;266,79;1079,12;469,88;3,902;720307;67589;0;0;0,7192;1,2045;0,00;OK
5,320;1532,00;276,98;45,68;3291,55;1276,39;1768,43;128,52;3604,98;199,36;0,882364;266,77;1077,56;470,44;3,898;718759;67568;0;0;0,7219;1,2096;0,00;OK
5,330;1526,28;289,47;46,53;3293,95;1275,17;1775,09;129,88;3607,23;199,77;0,882146;266,75;1076,00;471,00;3,895;717211;67548;0;0;0,7246;1,2147;0,00;OK
5,340;1520,57;301,94;47,39;3296,36;1273,95;1781,74;131,26;3609,49;200,17;0,881926;266,74;1074,44;471,55;3,891;715664;67527;0;0;0,7273;1,2198;0,00;OK
5,350;1514,89;314,40;48,27;3298,79;1272,73;1788,39;132,65;3611,76;200,57;0,881706;266,72;1072,88;472,11;3,887;714117;67506;0;0;0,7300;1,2248;0,00;OK
5,360;1509,21;326,84;49,15;3301,22;1271,52;1795,04;134,05;3614,05;200,96;0,881484;266,71;1071,32;472,65;3,884;712571;67485;0;0;0,7328;1,2299;0,00;OK
5,370;1503,56;339,27;50,05;3303,67;1270,30;1801,70;135,46;3616,34;201,35;0,881261;266,69;1069,76;473,20;3,880;711024;67464;0;0;0,7355;1,2350;0,00;OK
5,380;1497,92;351,68;50,95;3306,13;1269,08;1808,35;136,89;3618,65;201,74;0,881038;266,68;1068,21;473,74;3,877;709479;67443;0;0;0,7383;1,2400;0,00;OK
5,390;1492,29;364,08;51,87;3308,60;1267,85;1815,00;138,33;3620,96;202,12;0,880813;266,66;1066,65;474,29;3,873;707934;67422;0;0;0,7410;1,2450;0,00;OK
5,400;1486,68;376,45;52,80;3311,08;1266,63;1821,65;139,77;3623,29;202,49;0,880587;266,64;1065,09;474,82;3,869;706389;67400;0;0;0,7438;1,2501;0,00;OK
5,410;1481,09;388,82;53,75;3313,58;1265,41;1828,30;141,23;3625,63;202,86;0,880360;266,63;1063,53;475,36;3,866;704845;67379;0;0;0,7466;1,2551;0,00;OK
5,420;1475,51;401,17;54,70;3316,09;1264,19;1834,95;142,70;3627,98;203,22;0,880132;266,61;1061,98;475,89;3,862;703301;67357;0;0;0,7493;1,2601;0,00;OK
5,430;1469,95;413,50;55,67;3318,61;1262,96;1841,60;144,19;3630,34;203,58;0,879903;266,60;1060,42;476,42;3,859;701758;67336;0;0;0,7521;1,2651;0,00;OK
5,440;1464,41;425,81;56,65;3321,14;1261,74;1848,25;145,68;3632,71;203,94;0,879673;266,58;1058,87;476,95;3,855;700215;67314;0;0;0,7549;1,2701;0,00;OK
5,450;1458,88;438,11;57,63;3323,68;1260,52;1854,90;147,19;3635,09;204,29;0,879442;266,56;1057,32;477,48;3,851;698673;67292;0;0;0,7577;1,2751;0,00;OK
5,460;1453,37;450,40;58,64;3326,24;1259,29;1861,55;148,71;3637,48;204,63;0,879210;266,55;1055,76;478,00;3,848;697132;67270;0;0;0,7605;1,2801;0,00;OK
5,470;1447,87;462,67;59,65;3328,80;1258,07;1868,19;150,24;3639,89;204,97;0,878977;266,53;1054,21;478,52;3,844;695591;67248;0;0;0,7633;1,2850;0,00;OK
5,480;1442,39;474,92;60,68;3331,38;1256,84;1874,84;151,78;3642,30;205,31;0,878743;266,51;1052,66;479,04;3,840;694051;67226;0;0;0,7661;1,2900;0,00;OK
5,490;1436,93;487,15;61,71;3333,97;1255,61;1881,49;153,33;3644,72;205,64;0,878508;266,50;1051,11;479,55;3,837;692512;67204;0;0;0,7689;1,2950;0,00;OK
5,500;1431,48;499,37;62,76;3336,57;1254,39;1888,14;154,90;3647,16;205,96;0,878272;266,48;1049,56;480,06;3,833;690973;67182;0;0;0,7717;1,2999;0,00;OK
5,510;1426,05;511,58;63,82;3339,19;1253,16;1894,78;156,48;3649,60;206,28;0,878034;266,46;1048,01;480,57;3,830;689436;67159;0;0;0,7746;1,3048;0,00;OK
5,520;1420,63;523,76;64,90;3341,81;1251,93;1901,43;158,07;3652,06;206,60;0,877796;266,45;1046,46;481,08;3,826;687898;67137;0;0;0,7774;1,3097;0,00;OK
5,530;1415,24;535,94;65,98;3344,45;1250,70;1908,07;159,67;3654,53;206,91;0,877557;266,43;1044,92;481,59;3,822;686362;67114;0;0;0,7802;1,3146;0,00;OK
5,540;1409,85;548,09;67,08;3347,10;1249,47;1914,72;161,28;3657,01;207,22;0,877317;266,41;1043,37;482,09;3,819;684826;67091;0;0;0,7831;1,3195;0,00;OK
5,550;1404,49;560,23;68,19;3349,76;1248,24;1921,36;162,91;3659,50;207,52;0,877075;266,39;1041,83;482,59;3,815;683292;67069;0;0;0,7859;1,3244;0,00;OK
5,560;1399,14;572,35;69,31;3352,43;1247,01;1928,01;164,54;3662,00;207,81;0,876833;266,38;1040,28;483,09;3,811;681758;67046;0;0;0,7887;1,3293;0,00;OK
5,570;1393,81;584,46;70,44;3355,12;1245,78;1934,65;166,19;3664,51;208,11;0,876590;266,36;1038,74;483,58;3,808;680225;67023;0;0;0,7916;1,3342;0,00;OK
5,580;1388,49;596,55;71,59;3357,81;1244,55;1941,30;167,85;3667,03;208,39;0,876345;266,34;1037,20;484,07;3,804;678693;67000;0;0;0,7944;1,3390;0,00;OK
5,590;1383,20;608,62;72,75;3360,52;1243,32;1947,94;169,52;3669,56;208,67;0,876100;266,32;1035,65;484,56;3,800;677161;66976;0;0;0,7973;1,3438;0,00;OK
5,600;1377,91;620,68;73,92;3363,24;1242,09;1954,58;171,20;3672,10;208,95;0,875854;266,31;1034,11;485,05;3,797;675631;66953;0;0;0,8002;1,3487;0,00;OK
5,610;1372,65;632,72;75,10;3365,97;1240,86;1961,22;172,90;3674,66;209,22;0,875606;266,29;1032,57;485,54;3,793;674102;66930;0;0;0,8030;1,3535;0,00;OK
5,620;1367,40;644,74;76,29;3368,71;1239,63;1967,87;174,61;3677,22;209,49;0,875358;266,27;1031,04;486,02;3,790;672573;66906;0;0;0,8059;1,3583;0,00;OK
5,630;1362,17;656,75;77,50;3371,46;1238,40;1974,51;176,33;3679,80;209,75;0,875109;266,25;1029,50;486,50;3,786;671046;66883;0;0;0,8088;1,3631;0,00;OK
5,640;1356,96;668,74;78,72;3374,23;1237,17;1981,15;178,06;3682,38;210,00;0,874858;266,24;1027,96;486,98;3,782;669519;66859;0;0;0,8116;1,3679;0,00;OK
5,650;1351,76;680,71;79,95;3377,01;1235,93;1987,79;179,80;3684,98;210,26;0,874607;266,22;1026,43;487,45;3,779;667994;66835;0;0;0,8145;1,3726;0,00;OK
5,660;1346,58;692,67;81,20;3379,79;1234,70;1994,43;181,55;3687,59;210,50;0,874355;266,20;1024,89;487,93;3,775;666470;66812;0;0;0,8174;1,3774;0,00;OK
5,670;1341,41;704,61;82,45;3382,59;1233,47;2001,07;183,32;3690,21;210,74;0,874101;266,18;1023,36;488,40;3,771;664947;66788;0;0;0,8203;1,3821;0,00;OK
5,680;1336,27;716,53;83,72;3385,41;1232,23;2007,71;185,10;3692,84;210,98;0,873847;266,16;1021,83;488,86;3,768;663424;66764;0;0;0,8231;1,3868;0,00;OK
5,690;1331,14;728,44;85,00;3388,23;1231,00;2014,35;186,88;3695,48;211,21;0,873592;266,14;1020,30;489,33;3,764;661903;66740;0;0;0,8260;1,3916;0,00;OK
5,700;1326,03;740,33;86,30;3391,06;1229,77;2020,99;188,69;3698,13;211,44;0,873335;266,13;1018,77;489,79;3,760;660384;66716;0;0;0,8289;1,3962;0,00;OK
5,710;1320,93;752,20;87,60;3393,91;1228,53;2027,63;190,50;3700,79;211,52;0,873078;266,11;1017,24;490,25;3,757;658865;66691;0;0;0,8312;1,4000;0,00;LIMIT_AERO
5,720;1315,85;764,06;88,92;3396,76;1227,30;2034,26;192,32;3703,46;211,03;0,872820;266,09;1015,72;490,71;3,753;657348;66667;0;0;0,8312;1,4000;0,00;LIMIT_AERO
5,730;1310,79;775,90;90,25;3399,63;1226,07;2040,90;194,16;3706,15;210,54;0,872561;266,07;1014,19;491,17;3,749;655833;66642;0;0;0,8312;1,4000;0,00;LIMIT_AERO
5,740;1305,75;787,72;91,59;3402,51;1224,84;2047,54;196,01;3708,84;210,06;0,872301;266,05;1012,67;491,62;3,746;654323;66618;0;0;0,8312;1,4000;0,00;LIMIT_AERO
5,750;1300,72;799,53;92,95;3405,40;1223,61;2054,18;197,87;3711,55;209,58;0,872039;266,03;1011,16;492,07;3,742;652819;66593;0;0;0,8312;1,4000;0,00;LIMIT_AERO
5,760;1295,71;811,32;94,32;3408,30;1222,39;2060,81;199,74;3714,26;209,10;0,871777;266,01;1009,66;492,52;3,739;651320;66569;0;0;0,8312;1,4000;0,00;LIMIT_AERO
5,770;1290,72;823,09;95,70;3411,22;1221,17;2067,45;201,62;3716,99;208,62;0,871514;266,00;1008,16;492,97;3,735;649827;66544;0;0;0,8312;1,4000;0,00;LIMIT_AERO
5,780;1285,75;834,85;97,09;3414,14;1219,96;2074,08;203,52;3719,73;208,14;0,871250;265,98;1006,66;493,41;3,731;648339;66519;0;0;0,8312;1,4000;0,00;LIMIT_AERO
5,790;1280,79;846,58;98,49;3417,08;1218,75;2080,72;205,43;3722,47;207,66;0,870985;265,96;1005,17;493,85;3,728;646857;66494;0;0;0,8312;1,4000;0,00;LIMIT_AERO
5,800;1275,85;858,31;99,91;3420,02;1217,54;2087,35;207,34;3725,23;207,19;0,870720;265,94;1003,69;494,29;3,724;645380;66469;0;0;0,8312;1,4000;0,00;LIMIT_AERO
5,810;1270,93;870,01;101,34;3422,98;1216,34;2093,99;209,28;3728,00;206,72;0,870453;265,92;1002,22;494,73;3,721;643908;66444;0;0;0,8312;1,4000;0,00;LIMIT_AERO
5,820;1266,02;881,70;102,78;3425,94;1215,14;2100,62;211,22;3730,78;206,25;0,870185;265,90;1000,75;495,17;3,717;642442;66418;0;0;0,8312;1,4000;0,00;LIMIT_AERO
5,830;1261,13;893,37;104,23;3428,92;1213,94;2107,26;213,17;3733,57;205,78;0,869917;265,88;999,28;495,60;3,714;640981;66393;0;0;0,8312;1,4000;0,00;LIMIT_AERO
5,840;1256,26;905,03;105,70;3431,91;1212,75;2113,89;215,14;3736,38;205,31;0,869647;265,86;997,83;496,03;3,710;639526;66368;0;0;0,8312;1,4000;0,00;LIMIT_AERO
5,850;1251,41;916,67;107,17;3434,91;1211,57;2120,52;217,12;3739,19;204,84;0,869377;265,84;996,37;496,46;3,707;638076;66342;0;0;0,8312;1,4000;0,00;LIMIT_AERO
5,860;1246,57;928,29;108,66;3437,92;1210,38;2127,15;219,10;3742,01;204,38;0,869105;265,82;994,93;496,89;3,703;636630;66317;0;0;0,8312;1,4000;0,00;LIMIT_AERO
5,870;1241,75;939,90;110,16;3440,94;1209,20;2133,79;221,11;3744,85;203,92;0,868833;265,80;993,49;497,31;3,700;635190;66291;0;0;0,8312;1,4000;0,00;LIMIT_AERO
5,880;1236,95;951,49;111,68;3443,97;1208,02;2140,42;223,12;3747,69;203,46;0,868560;265,78;992,05;497,73;3,696;633755;66265;0;0;0,8312;1,4000;0,00;LIMIT_AERO
5,890;1232,16;963,06;113,20;3447,01;1206,85;2147,05;225,14;3750,55;203,00;0,868286;265,76;990,62;498,15;3,693;632326;66239;0;0;0,8312;1,4000;0,00;LIMIT_AERO
5,900;1227,39;974,62;114,74;3450,06;1205,68;2153,68;227,18;3753,42;202,54;0,868011;265,74;989,20;498,57;3,689;630901;66214;0;0;0,8312;1,4000;0,00;LIMIT_AERO
5,910;1222,64;986,16;116,29;3453,12;1204,52;2160,31;229,23;3756,29;202,09;0,867736;265,72;987,78;498,98;3,686;629481;66188;0;0;0,8312;1,4000;0,00;LIMIT_AERO
5,920;1217,91;997,68;117,85;3456,20;1203,35;2166,94;231,29;3759,18;201,63;0,867459;265,70;986,37;499,40;3,683;628066;66162;0;0;0,8312;1,4000;0,00;LIMIT_AERO
5,930;1213,19;1009,19;119,42;3459,28;1202,19;2173,57;233,36;3762,08;201,18;0,867182;265,68;984,96;499,81;3,679;626656;66135;0;0;0,8312;1,4000;0,00;LIMIT_AERO
5,940;1208,49;1020,68;121,01;3462,37;1201,04;2180,20;235,44;3764,98;200,73;0,866904;265,66;983,55;500,22;3,676;625251;66109;0;0;0,8312;1,4000;0,00;LIMIT_AERO
5,950;1203,81;1032,15;122,60;3465,47;1199,89;2186,83;237,54;3767,88;200,28;0,866624;265,64;982,16;500,62;3,672;623851;66083;0;0;0,8312;1,4000;0,00;LIMIT_AERO
5,960;1199,14;1043,61;124,21;3468,58;1198,74;2193,46;239,65;3770,78;199,83;0,866345;265,62;980,77;501,03;3,669;622455;66057;0;0;0,8312;1,4000;0,00;LIMIT_AERO
5,970;1194,48;1055,05;125,83;3471,71;1197,59;2200,08;241,77;3773,68;199,38;0,866064;265,60;979,38;501,43;3,666;621065;66030;0;0;0,8312;1,4000;0,00;LIMIT_AERO
5,980;1189,84;1066,48;127,46;3474,84;1196,45;2206,71;243,90;3776,58;198,94;0,865782;265,58;978,00;501,83;3,662;619680;66004;0;0;0,8312;1,4000;0,00;LIMIT_AERO
5,990;1185,22;1077,89;129,11;3477,98;1195,31;2213,34;246,04;3779,48;198,50;0,865500;265,56;976,62;502,23;3,659;618299;65977;0;0;0,8312;1,4000;0,00;LIMIT_AERO
6,000;1180,60;1089,28;130,76;3481,13;1194,18;2219,97;248,19;3782,38;198,05;0,865217;265,54;975,25;502,63;3,656;616924;65950;0;0;0,8312;1,4000;0,00;LIMIT_AERO
6,010;1176,01;1100,66;132,43;3484,29;1193,04;2226,59;250,36;3785,28;197,61;0,864933;265,52;973,89;503,02;3,652;615554;65924;0;0;0,8312;1,4000;0,00;LIMIT_AERO
6,020;1171,42;1112,02;134,11;3487,46;1191,92;2233,22;252,54;3788,18;197,18;0,864648;265,50;972,53;503,41;3,649;614188;65897;0;0;0,8312;1,4000;0,00;LIMIT_AERO
6,030;1166,85;1123,36;135,80;3490,63;1190,79;2239,84;254,73;3791,08;196,74;0,864363;265,48;971,18;503,80;3,646;612828;65870;0;0;0,8312;1,4000;0,00;LIMIT_AERO
6,040;1162,30;1134,69;137,51;3493,82;1189,67;2246,47;256,93;3793,98;196,30;0,864077;265,46;969,83;504,19;3,642;611472;65843;0;0;0,8312;1,4000;0,00;LIMIT_AERO
6,050;1157,76;1146,00;139,22;3497,02;1188,55;2253,09;259,14;3796,88;195,87;0,863790;265,44;968,48;504,58;3,639;610121;65816;0;0;0,8312;1,4000;0,00;LIMIT_AERO
6,060;1153,23;1157,30;140,95;3500,22;1187,44;2259,72;261,37;3799,78;195,44;0,863502;265,42;967,15;504,96;3,636;608775;65789;0;0;0,8312;1,4000;0,00;LIMIT_AERO
6,070;1148,72;1168,58;142,69;3503,43;1186,33;2266,34;263,60;3802,68;195,01;0,863214;265,40;965,81;505,34;3,633;607434;65762;0;0;0,8312;1,4000;0,00;LIMIT_AERO
6,080;1144,22;1179,85;144,45;3506,65;1185,22;2272,97;265,85;3805,58;194,58;0,862925;265,38;964,48;505,72;3,629;606097;65735;0;0;0,8312;1,4000;0,00;LIMIT_AERO
6,090;1139,74;1191,10;146,21;3509,88;1184,12;2279,59;268,11;3808,48;194,15;0,862635;265,36;963,16;506,10;3,626;604765;65707;0;0;0,8312;1,4000;0,00;LIMIT_AERO
6,100;1135,27;1202,33;147,99;3513,12;1183,02;2286,21;270,38;3811,38;193,72;0,862344;265,34;961,84;506,48;3,623;603438;65680;0;0;0,8312;1,4000;0,00;LIMIT_AERO
6,110;1130,81;1213,55;149,78;3516,37;1181,92;2292,83;272,67;3814,28;193,30;0,862053;265,31;960,53;506,85;3,620;602116;65653;0;0;0,8312;1,4000;0,00;LIMIT_AERO
6,120;1126,37;1224,75;151,58;3519,62;1180,83;2299,46;274,96;3817,18;192,88;0,861762;265,29;959,22;507,23;3,616;600798;65625;0;0;0,8312;1,4000;0,00;LIMIT_AERO
6,130;1121,95;1235,93;153,40;3522,88;1179,73;2306,08;277,27;3820,08;192,46;0,861469;265,27;957,92;507,60;3,613;599485;65598;0;0;0,8312;1,4000;0,00;LIMIT_AERO
6,140;1117,53;1247,10;155,23;3526,15;1178,65;2312,70;279,59;3822,98;192,04;0,861176;265,25;956,62;507,96;3,610;598176;65570;0;0;0,8312;1,4000;0,00;LIMIT_AERO
6,150;1113,14;1258,26;157,07;3529,43;1177,56;2319,32;281,92;3825,88;191,62;0,860883;265,23;955,33;508,33;3,607;596872;65543;0;0;0,8312;1,4000;0,00;LIMIT_AERO
6,160;1108,75;1269,39;158,92;3532,71;1176,48;2325,94;284,26;3828,78;191,20;0,860589;265,21;954,04;508,70;3,604;595573;65515;0;0;0,8312;1,4000;0,00;LIMIT_AERO
6,170;1104,38;1280,52;160,79;3536,01;1175,40;2332,56;286,62;3831,68;190,78;0,860294;265,19;952,76;509,06;3,601;594278;65487;0;0;0,8312;1,4000;0,00;LIMIT_AERO
6,180;1100,02;1291,62;162,67;3539,31;1174,33;2339,18;288,98;3834,58;190,37;0,859998;265,17;951,48;509,42;3,597;592988;65460;0;0;0,8312;1,4000;0,00;LIMIT_AERO
6,190;1095,68;1302,71;164,56;3542,61;1173,26;2345,80;291,36;3837,48;189,96;0,859702;265,14;950,21;509,78;3,594;591702;65432;0;0;0,8312;1,4000;0,00;LIMIT_AERO
6,200;1091,35;1313,79;166,46;3545,93;1172,19;2352,42;293,75;3840,38;189,55;0,859406;265,12;948,94;510,14;3,591;590421;65404;0;0;0,8312;1,4000;0,00;LIMIT_AERO
6,210;1087,04;1324,85;168,38;3549,25;1171,12;2359,04;296,15;3843,28;189,14;0,859109;265,10;947,67;510,49;3,588;589144;65376;0;0;0,8312;1,4000;0,00;LIMIT_AERO
6,220;1082,74;1335,90;170,31;3552,57;1170,06;2365,65;298,57;3846,18;188,73;0,858811;265,08;946,41;510,85;3,585;587872;65348;0;0;0,8312;1,4000;0,00;LIMIT_AERO
6,230;1078,45;1346,93;172,25;3555,91;1169,00;2372,27;300,99;3849,08;188,32;0,858513;265,06;945,16;511,20;3,582;586604;65320;0;0;0,8312;1,4000;0,00;LIMIT_AERO
6,240;1074,18;1357,94;174,20;3559,25;1167,94;2378,89;303,43;3851,98;187,91;0,858214;265,04;943,91;511,55;3,579;585341;65292;0;0;0,8312;1,4000;0,00;LIMIT_AERO
6,250;1069,92;1368,94;176,17;3562,60;1166,89;2385,51;305,88;3854,88;187,51;0,857915;265,01;942,66;511,90;3,576;584081;65264;0;0;0,8312;1,4000;0,00;LIMIT_AERO
6,260;1065,68;1379,92;178,15;3565,95;1165,84;2392,12;308,34;3857,78;187,11;0,857615;264,99;941,42;512,24;3,573;582827;65236;0;0;0,8312;1,4000;0,00;LIMIT_AERO
6,270;1061,45;1390,89;180,14;3569,31;1164,79;2398,74;310,81;3860,68;186,71;0,857315;264,97;940,18;512,59;3,569;581576;65207;0;0;0,8312;1,4000;0,00;LIMIT_AERO
6,280;1057,23;1401,84;182,15;3572,67;1163,75;2405,35;313,29;3863,58;186,31;0,857014;264,95;938,95;512,93;3,566;580330;65179;0;0;0,8312;1,4000;0,00;LIMIT_AERO
6,290;1053,03;1412,78;184,16;3576,05;1162,70;2411,97;315,79;3866,48;185,91;0,856713;264,93;937,72;513,27;3,563;579088;65151;0;0;0,8312;1,4000;0,00;LIMIT_AERO
6,300;1048,84;1423,70;186,19;3579,43;1161,67;2418,58;318,30;3869,38;185,51;0,856412;264,91;936,50;513,61;3,560;577850;65123;0;0;0,8312;1,4000;0,00;LIMIT_AERO
6,310;1044,66;1434,61;188,24;3582,81;1160,63;2425,20;320,81;3872,28;185,11;0,856110;264,88;935,28;513,95;3,557;576617;65094;0;0;0,8312;1,4000;0,00;LIMIT_AERO
6,320;1040,50;1445,50;190,30;3586,20;1159,60;2431,81;323,35;3875,18;184,72;0,855807;264,86;934,07;514,29;3,554;575387;65066;0;0;0,8312;1,4000;0,00;LIMIT_AERO
6,330;1036,35;1456,37;192,36;3589,59;1158,57;2438,43;325,89;3878,08;184,33;0,855504;264,84;932,86;514,62;3,551;574162;65037;0;0;0,8312;1,4000;0,00;LIMIT_AERO
6,340;1032,22;1467,24;194,45;3593,00;1157,54;2445,04;328,44;3880,98;183,93;0,855201;264,82;931,65;514,95;3,548;572941;65009;0;0;0,8312;1,4000;0,00;LIMIT_AERO
6,350;1028,10;1478,08;196,54;3596,40;1156,52;2451,65;331,01;3883,88;183,54;0,854897;264,80;930,45;515,28;3,545;571725;64980;0;0;0,8312;1,4000;0,00;LIMIT_AERO
6,360;1023,99;1488,91;198,65;3599,81;1155,49;2458,26;333,59;3886,78;183,15;0,854593;264,77;929,25;515,61;3,542;570512;64952;0;0;0,8312;1,4000;0,00;LIMIT_AERO
6,370;1019,90;1499,73;200,77;3603,23;1154,48;2464,88;336,18;3889,68;182,77;0,854288;264,75;928,06;515,94;3,539;569303;64923;0;0;0,8312;1,4000;0,00;LIMIT_AERO
6,380;1015,82;1510,53;202,90;3606,65;1153,46;2471,49;338,78;3892,58;182,38;0,853983;264,73;926,87;516,26;3,536;568099;64895;0;0;0,8312;1,4000;0,00;LIMIT_AERO
6,390;1011,76;1521,32;205,05;3610,08;1152,45;2478,10;341,39;3895,48;181,99;0,853678;264,71;925,68;516,59;3,533;566898;64866;0;0;0,8312;1,4000;0,00;LIMIT_AERO
6,400;1007,71;1532,09;207,21;3613,51;1151,44;2484,71;344,02;3898,38;181,61;0,853372;264,68;924,50;516,91;3,530;565702;64837;0;0;0,8312;1,4000;0,00;LIMIT_AERO
6,410;1003,67;1542,84;209,38;3616,95;1150,43;2491,32;346,65;3901,28;181,23;0,853066;264,66;923,32;517,23;3,528;564509;64808;0;0;0,8312;1,4000;0,00;LIMIT_AERO
6,420;999,65;1553,59;211,57;3620,39;1149,42;2497,93;349,30;3904,18;180,85;0,852759;264,64;922,15;517,55;3,525;563321;64780;0;0;0,8312;1,4000;0,00;DANGER_OVERCLOCK_AERO
6,430;995,64;1564,31;213,77;3623,84;1148,42;2504,54;351,96;3907,08;180,47;0,852453;264,62;920,98;517,87;3,522;562136;64751;0;0;0,8312;1,4000;0,00;DANGER_OVERCLOCK_AERO
6,440;991,64;1575,02;215,98;3627,29;1147,42;2511,15;354,64;3909,98;180,09;0,852145;264,60;919,82;518,18;3,519;560956;64722;0;0;0,8312;1,4000;0,00;DANGER_OVERCLOCK_AERO
6,450;987,66;1585,72;218,20;3630,75;1146,42;2517,76;357,32;3912,88;179,71;0,851838;264,57;918,66;518,50;3,516;559779;64693;0;0;0,8312;1,4000;0,00;DANGER_OVERCLOCK_AERO
6,460;983,69;1596,40;220,44;3634,21;1145,43;2524,37;360,02;3915,78;179,33;0,851530;264,55;917,50;518,81;3,513;558606;64664;0;0;0,8312;1,4000;0,00;DANGER_OVERCLOCK_AERO
6,470;979,73;1607,07;222,69;3637,67;1144,44;2530,97;362,72;3918,68;178,96;0,851222;264,53;916,35;519,12;3,510;557437;64636;0;0;0,8312;1,4000;0,00;DANGER_OVERCLOCK_AERO
6,480;975,79;1617,72;224,95;3641,14;1143,45;2537,58;365,44;3921,58;178,58;0,850914;264,51;915,20;519,43;3,507;556272;64607;0;0;0,8312;1,4000;0,00;DANGER_OVERCLOCK_AERO
6,490;971,87;1628,36;227,23;3644,62;1142,46;2544,19;368,17;3924,48;178,21;0,850605;264,48;914,05;519,74;3,504;555111;64578;0;0;0,8312;1,4000;0,00;DANGER_OVERCLOCK_AERO
6,500;967,95;1638,98;229,52;3648,09;1141,48;2550,80;370,92;3927,38;177,84;0,850296;264,46;912,91;520,05;3,501;553953;64549;0;0;0,8312;1,4000;0,00;DANGER_OVERCLOCK_AERO
6,510;964,05;1649,59;231,82;3651,57;1140,49;2557,40;373,67;3930,28;177,47;0,849987;264,44;911,77;520,35;3,499;552800;64520;0;0;0,8312;1,4000;0,00;DANGER_OVERCLOCK_AERO
6,520;960,16;1660,19;234,13;3655,06;1139,51;2564,01;376,44;3933,18;177,10;0,849677;264,41;910,64;520,65;3,496;551650;64491;0;0;0,8312;1,4000;0,00;DANGER_OVERCLOCK_AERO
6,530;956,29;1670,77;236,46;3658,55;1138,54;2570,61;379,22;3936,08;176,73;0,849368;264,39;909,51;520,95;3,493;550503;64462;0;0;0,8312;1,4000;0,00;DANGER_OVERCLOCK_AERO
6,540;952,43;1681,33;238,80;3662,04;1137,56;2577,22;382,01;3938,98;176,36;0,849058;264,37;908,38;521,25;3,490;549361;64433;0;0;0,8312;1,4000;0,00;DANGER_OVERCLOCK_AERO
6,550;948,59;1691,88;241,15;3665,54;1136,59;2583,82;384,81;3941,88;176,00;0,848747;264,35;907,26;521,55;3,487;548222;64404;0;0;0,8312;1,4000;0,00;DANGER_OVERCLOCK_AERO
6,560;944,75;1702,42;243,52;3669,04;1135,62;2590,43;387,62;3944,78;175,63;0,848437;264,32;906,14;521,85;3,484;547087;64374;0;0;0,8312;1,4000;0,00;DANGER_OVERCLOCK_AERO
6,570;940,94;1712,94;245,90;3672,54;1134,65;2597,03;390,45;3947,68;175,27;0,848126;264,30;905,03;522,14;3,482;545955;64345;0;0;0,8312;1,4000;0,00;DANGER_OVERCLOCK_AERO
6,580;937,13;1723,45;248,29;3676,05;1133,69;2603,64;393,28;3950,58;174,91;0,847815;264,28;903,91;522,44;3,479;544828;64316;0;0;0,8312;1,4000;0,00;DANGER_OVERCLOCK_AERO
6,590;933,34;1733,94;250,70;3679,55;1132,73;2610,24;396,13;3953,48;174,55;0,847504;264,26;902,81;522,73;3,476;543703;64287;0;0;0,8312;1,4000;0,00;DANGER_OVERCLOCK_AERO
6,600;929,56;1744,42;253,11;3683,07;1131,77;2616,84;398,99;3956,38;174,19;0,847193;264,23;901,70;523,02;3,473;542583;64258;0;0;0,8312;1,4000;0,00;DANGER_OVERCLOCK_AERO
6,610;925,80;1754,88;255,54;3686,58;1130,81;2623,44;401,87;3959,28;173,83;0,846881;264,21;900,60;523,31;3,470;541465;64229;0;0;0,8312;1,4000;0,00;DANGER_OVERCLOCK_AERO
6,620;922,05;1765,33;257,99;3690,10;1129,85;2630,05;404,75;3962,18;173,47;0,846570;264,19;899,50;523,60;3,468;540352;64200;0;0;0,8312;1,4000;0,00;DANGER_OVERCLOCK_AERO
6,630;918,31;1775,77;260,44;3693,62;1128,90;2636,65;407,65;3965,08;173,12;0,846258;264,16;898,41;523,88;3,465;539242;64170;0;0;0,8312;1,4000;0,00;DANGER_OVERCLOCK_AERO
6,640;914,59;1786,19;262,91;3697,15;1127,95;2643,25;410,55;3967,98;172,76;0,845946;264,14;897,32;524,17;3,462;538135;64141;0;0;0,8312;1,4000;0,00;DANGER_OVERCLOCK_AERO
6,650;910,88;1796,60;265,39;3700,68;1127,00;2649,85;413,47;3970,88;172,41;0,845633;264,12;896,23;524,45;3,459;537032;64112;0;0;0,8312;1,4000;0,00;DANGER_OVERCLOCK_AERO
6,660;907,18;1806,99;267,89;3704,21;1126,05;2656,45;416,40;3973,78;172,05;0,845321;264,10;895,14;524,73;3,456;535932;64083;0;0;0,8312;1,4000;0,00;DANGER_OVERCLOCK_AERO
6,670;903,50;1817,37;270,39;3707,74;1125,11;2663,05;419,35;3976,68;171,70;0,845008;264,07;894,06;525,02;3,454;534836;64053;0;0;0,8312;1,4000;0,00;DANGER_OVERCLOCK_AERO
6,680;899,83;1827,73;272,91;3711,28;1124,17;2669,65;422,30;3979,58;171,35;0,844696;264,05;892,99;525,29;3,451;533743;64024;0;0;0,8312;1,4000;0,00;DANGER_OVERCLOCK_AERO
6,690;896,18;1838,08;275,45;3714,81;1123,23;2676,25;425,27;3982,48;171,00;0,844383;264,03;891,91;525,57;3,448;532654;63995;0;0;0,8312;1,4000;0,00;DANGER_OVERCLOCK_AERO
6,700;892,53;1848,42;277,99;3718,35;1122,29;2682,85;428,25;3985,38;170,65;0,844070;264,00;890,84;525,85;3,446;531568;63966;0;0;0,8312;1,4000;0,00;DANGER_OVERCLOCK_AERO
6,710;888,91;1858,74;280,55;3721,90;1121,35;2689,45;431,24;3988,28;170,30;0,843757;263,98;889,77;526,12;3,443;530485;63936;0;0;0,8312;1,4000;0,00;DANGER_OVERCLOCK_AERO
6,720;885,29;1869,05;283,12;3725,44;1120,42;2696,04;434,24;3991,18;169,96;0,843444;263,96;888,71;526,40;3,440;529406;63907;0;0;0,8312;1,4000;0,00;DANGER_OVERCLOCK_AERO
6,730;881,69;1879,34;285,70;3728,99;1119,49;2702,64;437,25;3994,08;169,61;0,843130;263,93;887,65;526,67;3,437;528330;63878;0;0;0,8312;1,4000;0,00;DANGER_OVERCLOCK_AERO
6,740;878,10;1889,62;288,30;3732,54;1118,56;2709,24;440,28;3996,98;169,27;0,842817;263,91;886,59;526,94;3,435;527257;63848;0;0;0,8312;1,4000;0,00;DANGER_OVERCLOCK_AERO
6,750;874,53;1899,89;290,91;3736,09;1117,63;2715,84;443,31;3999,88;168,92;0,842504;263,89;885,53;527,21;3,432;526187;63819;0;0;0,8312;1,4000;0,00;DANGER_OVERCLOCK_AERO
6,760;870,97;1910,14;293,53;3739,64;1116,71;2722,43;446,36;4002,78;168,58;0,842190;263,87;884,48;527,47;3,429;525121;63790;0;0;0,8312;1,4000;0,00;DANGER_OVERCLOCK_AERO
6,770;867,42;1920,38;296,16;3743,20;1115,79;2729,03;449,42;4005,68;168,24;0,841876;263,84;883,43;527,74;3,427;524058;63760;0;0;0,8312;1,4000;0,00;DANGER_OVERCLOCK_AERO
6,780;863,89;1930,60;298,81;3746,75;1114,86;2735,62;452,50;4008,58;167,90;0,841562;263,82;882,39;528,01;3,424;522998;63731;0;0;0,8312;1,4000;0,00;DANGER_OVERCLOCK_AERO
6,790;860,37;1940,81;301,47;3750,31;1113,94;2742,22;455,58;4011,48;167,56;0,841249;263,80;881,35;528,27;3,421;521941;63702;0;0;0,8312;1,4000;0,00;DANGER_OVERCLOCK_AERO
6,800;856,86;1951,01;304,14;3753,87;1113,03;2748,81;458,68;4014,38;167,22;0,840935;263,77;880,31;528,53;3,419;520888;63672;0;0;0,8312;1,4000;0,00;DANGER_OVERCLOCK_AERO
6,810;853,37;1961,19;306,82;3757,43;1112,11;2755,41;461,78;4017,28;166,89;0,840621;263,75;879,27;528,79;3,416;519837;63643;0;0;0,8312;1,4000;0,00;DANGER_OVERCLOCK_AERO
6,820;849,89;1971,36;309,52;3761,00;1111,20;2762,00;464,90;4020,18;166,55;0,840307;263,73;878,24;529,05;3,413;518790;63614;0;0;0,8312;1,4000;0,00;DANGER_OVERCLOCK_AERO
6,830;846,42;1981,52;312,23;3764,56;1110,29;2768,60;468,04;4023,08;166,21;0,839993;263,70;877,21;529,31;3,411;517746;63584;0;0;0,8312;1,4000;0,00;DANGER_OVERCLOCK_AERO
6,840;842,97;1991,66;314,95;3768,13;1109,38;2775,19;471,18;4025,98;165,88;0,839679;263,68;876,18;529,57;3,408;516705;63555;0;0;0,8312;1,4000;0,00;DANGER_OVERCLOCK_AERO
6,850;839,53;2001,78;317,69;3771,70;1108,47;2781,78;474,33;4028,88;165,55;0,839365;263,66;875,15;529,82;3,405;515667;63525;0;0;0,8312;1,4000;0,00;DANGER_OVERCLOCK_AERO
6,860;836,11;2011,90;320,43;3775,27;1107,57;2788,37;477,50;4031,78;165,21;0,839050;263,63;874,13;530,07;3,403;514632;63496;0;0;0,8312;1,4000;0,00;DANGER_OVERCLOCK_AERO
6,870;832,70;2022,00;323,19;3778,84;1106,66;2794,97;480,68;4034,68;164,88;0,838736;263,61;873,11;530,33;3,400;513600;63467;0;0;0,8312;1,4000;0,00;DANGER_OVERCLOCK_AERO
6,880;829,30;2032,08;325,96;3782,41;1105,76;2801,56;483,87;4037,58;164,55;0,838422;263,59;872,09;530,58;3,397;512571;63437;0;0;0,8312;1,4000;0,00;DANGER_OVERCLOCK_AERO
6,890;825,92;2042,16;328,75;3785,98;1104,86;2808,15;487,07;4040,48;164,22;0,838108;263,56;871,08;530,83;3,395;511545;63408;0;0;0,8312;1,4000;0,00;DANGER_OVERCLOCK_AERO
6,900;822,54;2052,22;331,54;3789,55;1103,96;2814,74;490,28;4043,38;163,90;0,837794;263,54;870,07;531,08;3,392;510522;63379;0;0;0,8312;1,4000;0,00;DANGER_OVERCLOCK_AERO
6,910;819,19;2062,26;334,35;3793,13;1103,06;2821,33;493,51;4046,28;163,57;0,837479;263,52;869,06;531,32;3,390;509502;63349;0;0;0,8312;1,4000;0,00;DANGER_OVERCLOCK_AERO
6,920;815,84;2072,29;337,17;3796,70;1102,17;2827,92;496,75;4049,18;163,24;0,837165;263,49;868,06;531,57;3,387;508485;63320;0;0;0,8312;1,4000;0,00;DANGER_OVERCLOCK_AERO
6,930;812,51;2082,31;340,01;3800,28;1101,28;2834,51;500,00;4052,08;162,92;0,836851;263,47;867,05;531,82;3,384;507470;63291;0;0;0,8312;1,4000;0,00;DANGER_OVERCLOCK_AERO
6,940;809,20;2092,32;342,85;3803,86;1100,38;2841,10;503,26;4054,98;162,59;0,836537;263,45;866,05;532,06;3,382;506459;63261;0;0;0,8312;1,4000;0,00;DANGER_OVERCLOCK_AERO
6,950;805,90;2102,31;345,71;3807,44;1099,50;2847,69;506,53;4057,88;162,27;0,836222;263,42;865,06;532,30;3,379;505450;63232;0;0;0,8312;1,4000;0,00;DANGER_OVERCLOCK_AERO
6,960;802,61;2112,29;348,58;3811,01;1098,61;2854,28;509,81;4060,78;161,94;0,835908;263,40;864,06;532,54;3,377;504445;63203;0;0;0,8312;1,4000;0,00;DANGER_OVERCLOCK_AERO
6,970;799,33;2122,25;351,46;3814,59;1097,72;2860,86;513,11;4063,68;161,62;0,835594;263,38;863,07;532,78;3,374;503442;63173;0;0;0,8312;1,4000;0,00;DANGER_OVERCLOCK_AERO
6,980;796,07;2132,20;354,35;3818,17;1096,84;2867,45;516,42;4066,58;161,30;0,835280;263,36;862,08;533,02;3,372;502442;63144;0;0;0,8312;1,4000;0,00;DANGER_OVERCLOCK_AERO
6,990;792,82;2142,14;357,26;3821,75;1095,95;2874,04;519,74;4069,48;160,98;0,834966;263,33;861,09;533,26;3,369;501444;63115;0;0;0,8312;1,4000;0,00;DANGER_OVERCLOCK_AERO
7,000;789,59;2152,06;360,18;3825,33;1095,07;2880,63;523,07;4072,38;160,66;0,834652;263,31;860,11;533,49;3,366;500450;63085;0;0;0,8312;1,4000;0,00;DANGER_OVERCLOCK_AERO
7,010;786,37;2161,97;363,11;3828,92;1094,19;2887,21;526,41;4075,28;160,34;0,834338;263,29;859,13;533,73;3,364;499458;63056;0;0;0,8312;1,4000;0,00;DANGER_OVERCLOCK_AERO
7,020;783,16;2171,87;366,05;3832,50;1093,31;2893,80;529,77;4078,18;160,03;0,834024;263,26;858,15;533,96;3,361;498469;63027;0;0;0,8312;1,4000;0,00;DANGER_OVERCLOCK_AERO
7,030;779,96;2181,75;369,01;3836,08;1092,44;2900,38;533,13;4081,08;159,71;0,833710;263,24;857,17;534,19;3,359;497483;62997;0;0;0,8312;1,4000;0,00;DANGER_OVERCLOCK_AERO
7,040;776,78;2191,62;371,97;3839,66;1091,56;2906,97;536,51;4083,98;159,39;0,833397;263,22;856,20;534,43;3,356;496499;62968;0;0;0,8312;1,4000;0,00;DANGER_OVERCLOCK_AERO
7,050;773,62;2201,48;374,95;3843,24;1090,69;2913,55;539,90;4086,88;159,08;0,833083;263,19;855,22;534,66;3,354;495518;62939;0;0;0,8312;1,4000;0,00;DANGER_OVERCLOCK_AERO
7,060;770,47;2211,32;377,94;3846,83;1089,82;2920,14;543,31;4089,78;158,76;0,832769;263,17;854,25;534,88;3,351;494539;62910;0;0;0,8312;1,4000;0,00;DANGER_OVERCLOCK_AERO
7,070;767,33;2221,15;380,94;3850,41;1088,95;2926,72;546,72;4092,68;158,45;0,832456;263,15;853,29;535,11;3,349;493564;62880;0;0;0,8312;1,4000;0,00;DANGER_OVERCLOCK_AERO
7,080;764,20;2230,97;383,96;3853,99;1088,08;2933,31;550,15;4095,58;158,14;0,832142;263,12;852,32;535,34;3,346;492591;62851;0;0;0,8312;1,4000;0,00;DANGER_OVERCLOCK_AERO
7,090;761,09;2240,77;386,98;3857,58;1087,21;2939,89;553,58;4098,48;157,83;0,831829;263,10;851,36;535,56;3,344;491620;62822;0;0;0,8312;1,4000;0,00;DANGER_OVERCLOCK_AERO
7,100;757,99;2250,57;390,02;3861,16;1086,34;2946,47;557,03;4101,38;157,52;0,831515;263,08;850,40;535,79;3,341;490652;62793;0;0;0,8312;1,4000;0,00;DANGER_OVERCLOCK_AERO
7,110;754,91;2260,34;393,07;3864,74;1085,48;2953,05;560,49;4104,28;157,21;0,831202;263,05;849,44;536,01;3,339;489686;62763;0;0;0,8312;1,4000;0,00;DANGER_OVERCLOCK_AERO
7,120;751,84;2270,11;396,13;3868,32;1084,61;2959,64;563,97;4107,18;156,90;0,830889;263,03;848,49;536,23;3,336;488724;62734;0;0;0,8312;1,4000;0,00;DANGER_OVERCLOCK_AERO
7,130;748,78;2279,86;399,21;3871,91;1083,75;2966,22;567,45;4110,08;156,59;0,830576;263,01;847,53;536,45;3,334;487763;62705;0;0;0,8312;1,4000;0,00;DANGER_OVERCLOCK_AERO
7,140;745,74;2289,60;402,29;3875,49;1082,89;2972,80;570,95;4112,98;156,28;0,830263;262,98;846,58;536,67;3,331;486805;62676;0;0;0,8312;1,4000;0,00;DANGER_OVERCLOCK_AERO
7,150;742,71;2299,32;405,39;3879,07;1082,03;2979,38;574,45;4115,88;155,97;0,829950;262,96;845,63;536,89;3,329;485850;62647;0;0;0,8312;1,4000;0,00;DANGER_OVERCLOCK_AERO
7,160;739,69;2309,03;408,50;3882,65;1081,17;2985,96;577,97;4118,78;155,67;0,829638;262,94;844,68;537,10;3,326;484897;62618;0;0;0,8312;1,4000;0,00;DANGER_OVERCLOCK_AERO
7,170;736,69;2318,73;411,62;3886,23;1080,32;2992,54;581,51;4121,68;155,36;0,829325;262,91;843,74;537,32;3,324;483946;62588;0;0;0,8312;1,4000;0,00;DANGER_OVERCLOCK_AERO
7,180;733,70;2328,41;414,75;3889,81;1079,46;2999,12;585,05;4124,58;155,06;0,829013;262,89;842,80;537,53;3,321;482998;62559;0;0;0,8312;1,4000;0,00;DANGER_OVERCLOCK_AERO
7,190;730,73;2338,09;417,89;3893,39;1078,61;3005,70;588,60;4127,48;154,76;0,828700;262,87;841,86;537,75;3,319;482052;62530;0;0;0,8312;1,4000;0,00;DANGER_OVERCLOCK_AERO
7,200;727,77;2347,75;421,05;3896,97;1077,75;3012,28;592,17;4130,38;154,45;0,828388;262,84;840,92;537,96;3,316;481109;62501;0;0;0,8312;1,4000;0,00;DANGER_OVERCLOCK_AERO
7,210;724,82;2357,39;424,21;3900,55;1076,90;3018,86;595,75;4133,28;154,15;0,828076;262,82;839,98;538,17;3,314;480168;62472;0;0;0,8312;1,4000;0,00;DANGER_OVERCLOCK_AERO
7,220;721,89;2367,02;427,39;3904,13;1076,05;3025,43;599,34;4136,18;153,85;0,827764;262,80;839,05;538,38;3,311;479229;62443;0;0;0,8312;1,4000;0,00;DANGER_OVERCLOCK_AERO
7,230;718,97;2376,64;430,58;3907,71;1075,20;3032,01;602,94;4139,08;153,55;0,827452;262,77;838,11;538,59;3,309;478293;62414;0;0;0,8312;1,4000;0,00;DANGER_OVERCLOCK_AERO
7,240;716,06;2386,25;433,78;3911,29;1074,35;3038,59;606,56;4141,98;153,25;0,827141;262,75;837,18;538,80;3,306;477359;62385;0;0;0,8312;1,4000;0,00;DANGER_OVERCLOCK_AERO
7,250;713,17;2395,84;436,99;3914,86;1073,51;3045,17;610,18;4144,88;152,95;0,826829;262,73;836,26;539,00;3,304;476427;62356;0;0;0,8312;1,4000;0,00;DANGER_OVERCLOCK_AERO
7,260;710,30;2405,43;440,22;3918,44;1072,66;3051,74;613,82;4147,78;152,65;0,826518;262,70;835,33;539,21;3,301;475497;62327;0;0;0,8312;1,4000;0,00;DANGER_OVERCLOCK_AERO
7,270;707,43;2414,99;443,45;3922,01;1071,82;3058,32;617,47;4150,68;152,35;0,826207;262,68;834,40;539,41;3,299;474570;62298;0;0;0,8312;1,4000;0,00;DANGER_OVERCLOCK_AERO
7,280;704,58;2424,55;446,70;3925,59;1070,97;3064,89;621,13;4153,58;152,06;0,825896;262,66;833,48;539,62;3,296;473645;62269;0;0;0,8312;1,4000;0,00;DANGER_OVERCLOCK_AERO
7,290;701,75;2434,09;449,95;3929,16;1070,13;3071,47;624,80;4156,48;151,76;0,825585;262,63;832,56;539,82;3,294;472722;62240;0;0;0,8312;1,4000;0,00;DANGER_OVERCLOCK_AERO
7,300;698,93;2443,62;453,22;3932,74;1069,29;3078,04;628,49;4159,38;151,46;0,825274;262,61;831,64;540,02;3,292;471802;62211;0;0;0,8312;1,4000;0,00;DANGER_OVERCLOCK_AERO
7,310;696,12;2453,13;456,50;3936,31;1068,45;3084,62;632,18;4162,28;151,17;0,824963;262,59;830,72;540,22;3,289;470883;62182;0;0;0,8312;1,4000;0,00;DANGER_OVERCLOCK_AERO
7,320;693,32;2462,64;459,79;3939,88;1067,61;3091,19;635,89;4165,18;150,88;0,824653;262,56;829,81;540,42;3,287;469967;62153;0;0;0,8312;1,4000;0,00;DANGER_OVERCLOCK_AERO
7,330;690,55;2472,13;463,10;3943,45;1066,77;3097,77;639,61;4168,08;150,58;0,824343;262,54;828,90;540,61;3,284;469053;62124;0;0;0,8312;1,4000;0,00;DANGER_OVERCLOCK_AERO
7,340;687,78;2481,61;466,41;3947,02;1065,94;3104,34;643,34;4170,98;150,29;0,824033;262,52;827,98;540,81;3,282;468141;62096;0;0;0,8312;1,4000;0,00;DANGER_OVERCLOCK_AERO
7,350;685,03;2491,07;469,73;3950,58;1065,10;3110,91;647,09;4173,88;150,00;0,823723;262,49;827,07;541,01;3,279;467231;62067;0;0;0,8312;1,4000;0,00;DANGER_OVERCLOCK_AERO
7,360;682,29;2500,52;473,07;3954,15;1064,26;3117,48;650,84;4176,78;149,71;0,823413;262,47;826,17;541,20;3,277;466323;62038;0;0;0,8312;1,4000;0,00;DANGER_OVERCLOCK_AERO
7,370;679,57;2509,96;476,42;3957,71;1063,43;3124,06;654,61;4179,68;149,42;0,823104;262,45;825,26;541,39;3,274;465417;62009;0;0;0,8312;1,4000;0,00;DANGER_OVERCLOCK_AERO
7,380;676,86;2519,39;479,77;3961,28;1062,60;3130,63;658,39;4182,58;149,12;0,822795;262,42;824,35;541,59;3,272;464514;61980;0;0;0,8312;1,4000;0,00;DANGER_OVERCLOCK_AERO
7,390;674,16;2528,80;483,14;3964,84;1061,76;3137,20;662,18;4185,48;148,84;0,822486;262,40;823,45;541,78;3,270;463612;61952;0;0;0,8312;1,4000;0,00;DANGER_OVERCLOCK_AERO
7,400;671,48;2538,20;486,52;3968,40;1060,93;3143,77;665,98;4188,38;148,55;0,822177;262,38;822,55;541,97;3,267;462712;61923;0;0;0,8312;1,4000;0,00;DANGER_OVERCLOCK_AERO
7,410;668,81;2547,59;489,91;3971,96;1060,10;3150,34;669,80;4191,28;148,26;0,821868;262,36;821,65;542,16;3,265;461815;61894;0;0;0,8312;1,4000;0,00;DANGER_OVERCLOCK_AERO
7,420;666,16;2556,96;493,31;3975,52;1059,27;3156,91;673,62;4194,18;147,97;0,821560;262,33;820,75;542,35;3,262;460919;61865;0;0;0,8312;1,4000;0,00;DANGER_OVERCLOCK_AERO
7,430;663,52;2566,32;496,73;3979,08;1058,44;3163,48;677,46;4197,08;147,68;0,821251;262,31;819,85;542,53;3,260;460025;61837;0;0;0,8312;1,4000;0,00;DANGER_OVERCLOCK_AERO
7,440;660,90;2575,67;500,15;3982,63;1057,62;3170,05;681,31;4199,98;147,40;0,820943;262,29;818,96;542,72;3,258;459134;61808;0;0;0,8312;1,4000;0,00;DANGER_OVERCLOCK_AERO
7,450;658,29;2585,01;503,58;3986,19;1056,79;3176,62;685,17;4202,88;147,11;0,820635;262,26;818,07;542,90;3,255;458244;61780;0;0;0,8312;1,4000;0,00;DANGER_OVERCLOCK_AERO
7,460;655,69;2594,33;507,03;3989,74;1055,96;3183,19;689,04;4205,78;146,83;0,820328;262,24;817,17;543,09;3,253;457356;61751;0;0;0,8312;1,4000;0,00;DANGER_OVERCLOCK_AERO
7,470;653,11;2603,64;510,48;3993,29;1055,14;3189,75;692,93;4208,68;146,54;0,820020;262,22;816,28;543,27;3,250;456470;61722;0;0;0,8312;1,4000;0,00;DANGER_OVERCLOCK_AERO
7,480;650,54;2612,94;513,95;3996,84;1054,31;3196,32;696,82;4211,58;146,26;0,819713;262,19;815,39;543,45;3,248;455586;61694;0;0;0,8312;1,4000;0,00;DANGER_OVERCLOCK_AERO
7,490;647,99;2622,23;517,43;4000,39;1053,49;3202,89;700,72;4214,48;145,98;0,819406;262,17;814,51;543,63;3,246;454703;61665;0;0;0,8312;1,4000;0,00;DANGER_OVERCLOCK_AERO
7,500;645,45;2631,50;520,91;4003,94;1052,66;3209,46;704,62;4217,38;145,69;0,819099;262,15;813,62;543,81;3,243;453823;61637;0;0;0,8312;1,4000;0,00;DANGER_OVERCLOCK_AERO
7,510;642,92;2640,76;524,41;4007,48;1051,84;3216,02;708,52;4220,28;145,41;0,818793;262,12;812,74;543,99;3,241;452944;61608;0;0;0,8312;1,4000;0,00;DANGER_OVERCLOCK_AERO
7,520;640,40;2650,01;527,92;4011,03;1051,02;3222,59;712,42;4223,18;145,13;0,818487;262,10;811,85;544,17;3,238;452068;61580;0;0;0,8312;1,4000;0,00;DANGER_OVERCLOCK_AERO
7,530;637,89;2659,24;531,44;4014,57;1050,20;3229,15;716,32;4226,08;144,85;0,818180;262,08;810,97;544,35;3,236;451193;61551;0;0;0,8312;1,4000;0,00;DANGER_OVERCLOCK_AERO
7,540;635,39;2668,46;534,97;4018,11;1049,38;3235,72;720,22;4228,98;144,57;0,817875;262,06;810,09;544,52;3,234;450319;61523;0;0;0,8312;1,4000;0,00;DANGER_OVERCLOCK_AERO
7,550;632,90;2677,67;538,51;4021,65;1048,56;3242,28;724,12;4231,88;144,29;0,817569;262,03;809,21;544,70;3,231;449448;61495;0;0;0,8312;1,4000;0,00;DANGER_OVERCLOCK_AERO
7,560;630,43;2686,87;542,06;4025,19;1047,74;3248,85;728,02;4234,78;144,01;0,817264;262,01;808,33;544,87;3,229;448579;61466;0;0;0,8312;1,4000;0,00;DANGER_OVERCLOCK_AERO
7,570;627,96;2696,05;545,62;4028,72;1046,92;3255,41;731,92;4237,68;143,73;0,816958;261,99;807,46;545,04;3,227;447711;61438;0;0;0,8312;1,4000;0,00;DANGER_OVERCLOCK_AERO
7,580;625,51;2705,22;549,19;4032,26;1046,10;3261,98;735,82;4240,58;143,45;0,816653;261,96;806,58;545,22;3,224;446846;61410;0;0;0,8312;1,4000;0,00;DANGER_OVERCLOCK_AERO
7,590;623,06;2714,38;552,77;4035,79;1045,29;3268,54;739,72;4243,48;143,18;0,816349;261,94;805,71;545,39;3,222;445982;61381;0;0;0,8312;1,4000;0,00;DANGER_OVERCLOCK_AERO
7,600;620,63;2723,53;556,36;4039,32;1044,47;3275,10;743,62;4246,38;142,90;0,816044;261,92;804,84;545,56;3,219;445120;61353;0;0;0,8312;1,4000;0,00;DANGER_OVERCLOCK_AERO
7,610;618,20;2732,66;559,96;4042,85;1043,66;3281,66;747,52;4249,28;142,62;0,815740;261,89;803,97;545,73;3,217;444260;61325;0;0;0,8312;1,4000;0,00;DANGER_OVERCLOCK_AERO
7,620;615,79;2741,78;563,57;4046,38;1042,84;3288,23;751,42;4252,18;142,35;0,815436;261,87;803,10;545,89;3,215;443401;61296;0;0;0,8312;1,4000;0,00;DANGER_OVERCLOCK_AERO
7,630;613,39;2750,89;567,19;4049,90;1042,03;3294,79;755,32;4255,08;142,07;0,815132;261,85;802,23;546,06;3,212;442545;61268;0;0;0,8312;1,4000;0,00;DANGER_OVERCLOCK_AERO
7,640;611,00;2759,98;570,82;4053,43;1041,22;3301,35;759,22;4257,98;141,80;0,814828;261,83;801,37;546,23;3,210;441690;61240;0;0;0,8312;1,4000;0,00;DANGER_OVERCLOCK_AERO
7,650;608,62;2769,07;574,46;4056,95;1040,40;3307,91;763,12;4260,88;141,52;0,814525;261,80;800,51;546,39;3,208;440838;61212;0;0;0,8312;1,4000;0,00;DANGER_OVERCLOCK_AERO
7,660;606,24;2778,14;578,11;4060,47;1039,59;3314,47;767,02;4263,78;141,25;0,814222;261,78;799,64;546,56;3,205;439987;61184;0;0;0,8312;1,4000;0,00;DANGER_OVERCLOCK_AERO
7,670;603,88;2787,19;581,78;4063,99;1038,78;3321,03;770,92;4266,68;140,98;0,813919;261,76;798,78;546,72;3,203;439138;61156;0;0;0,8312;1,4000;0,00;DANGER_OVERCLOCK_AERO
7,680;601,53;2796,24;585,45;4067,51;1037,97;3327,59;774,82;4269,58;140,71;0,813616;261,73;797,92;546,88;3,200;438291;61128;0;0;0,8312;1,4000;0,00;DANGER_OVERCLOCK_AERO
7,690;599,19;2805,27;589,13;4071,03;1037,17;3334,15;778,72;4272,48;140,44;0,813314;261,71;797,06;547,04;3,198;437446;61100;0;0;0,8312;1,4000;0,00;DANGER_OVERCLOCK_AERO
7,700;596,86;2814,29;592,82;4074,54;1036,36;3340,71;782,62;4275,38;140,16;0,813011;261,69;796,21;547,20;3,196;436603;61071;0;0;0,8312;1,4000;0,00;DANGER_OVERCLOCK_AERO
7,710;594,54;2823,30;596,52;4078,06;1035,55;3347,27;786,52;4278,28;139,89;0,812709;261,67;795,35;547,36;3,193;435761;61043;0;0;0,8312;1,4000;0,00;DANGER_OVERCLOCK_AERO
7,720;592,23;2832,29;600,23;4081,57;1034,75;3353,82;790,42;4281,18;139,62;0,812407;261,64;794,50;547,52;3,191;434922;61015;0;0;0,8312;1,4000;0,00;DANGER_OVERCLOCK_AERO
7,730;589,93;2841,27;603,95;4085,08;1033,94;3360,38;794,32;4284,08;139,36;0,812106;261,62;793,65;547,68;3,189;434084;60987;0;0;0,8312;1,4000;0,00;DANGER_OVERCLOCK_AERO
7,740;587,64;2850,24;607,68;4088,59;1033,14;3366,94;798,22;4286,98;139,09;0,811804;261,60;792,80;547,83;3,186;433249;60960;0;0;0,8312;1,4000;0,00;DANGER_OVERCLOCK_AERO
7,750;585,36;2859,19;611,42;4092,10;1032,33;3373,50;802,12;4289,88;138,82;0,811503;261,57;791,95;547,99;3,184;432415;60932;0;0;0,8312;1,4000;0,00;DANGER_OVERCLOCK_AERO
7,760;583,09;2868,14;615,16;4095,60;1031,53;3380,05;806,02;4292,78;138,55;0,811202;261,55;791,10;548,14;3,182;431583;60904;0;0;0,8312;1,4000;0,00;DANGER_OVERCLOCK_AERO
7,770;580,83;2877,07;618,92;4099,11;1030,73;3386,61;809,92;4295,68;138,29;0,810901;261,53;790,26;548,30;3,179;430753;60876;0;0;0,8312;1,4000;0,00;DANGER_OVERCLOCK_AERO
7,780;578,58;2885,99;622,69;4102,61;1029,93;3393,16;813,82;4298,58;138,02;0,810601;261,51;789,42;548,45;3,177;429925;60848;0;0;0,8312;1,4000;0,00;DANGER_OVERCLOCK_AERO
7,790;576,34;2894,89;626,47;4106,11;1029,13;3399,72;817,72;4301,48;137,76;0,810300;261,48;788,57;548,60;3,175;429099;60820;0;0;0,8312;1,4000;0,00;DANGER_OVERCLOCK_AERO
7,800;574,11;2903,78;630,25;4109,61;1028,33;3406,27;821,62;4304,38;137,49;0,810000;261,46;787,73;548,76;3,172;428275;60792;0;0;0,8312;1,4000;0,00;DANGER_OVERCLOCK_AERO
7,810;571,89;2912,66;634,05;4113,11;1027,54;3412,83;825,52;4307,28;137,23;0,809700;261,44;786,90;548,91;3,170;427453;60764;0;0;0,8312;1,4000;0,00;DANGER_OVERCLOCK_AERO
7,820;569,68;2921,53;637,85;4116,61;1026,74;3419,38;829,42;4310,18;136,96;0,809401;261,41;786,06;549,05;3,168;426632;60737;0;0;0,8312;1,4000;0,00;DANGER_OVERCLOCK_AERO
7,830;567,47;2930,39;641,67;4120,10;1025,94;3425,94;833,32;4313,08;136,70;0,809101;261,39;785,22;549,20;3,165;425814;60709;0;0;0,8312;1,4000;0,00;DANGER_OVERCLOCK_AERO
7,840;565,28;2939,23;645,49;4123,60;1025,15;3432,49;837,22;4315,98;136,44;0,808802;261,37;784,39;549,35;3,163;424997;60681;0;0;0,8312;1,4000;0,00;DANGER_OVERCLOCK_AERO
7,850;563,10;2948,06;649,32;4127,09;1024,36;3439,04;841,12;4318,88;136,18;0,808503;261,35;783,56;549,50;3,161;424183;60654;0;0;0,8312;1,4000;0,00;DANGER_OVERCLOCK_AERO
7,860;560,92;2956,88;653,16;4130,58;1023,56;3445,59;845,02;4321,78;135,92;0,808204;261,32;782,73;549,64;3,159;423370;60626;0;0;0,8312;1,4000;0,00;DANGER_OVERCLOCK_AERO
7,870;558,76;2965,68;657,01;4134,07;1022,77;3452,15;848,92;4324,68;135,66;0,807905;261,30;781,90;549,79;3,156;422560;60598;0;0;0,8312;1,4000;0,00;DANGER_OVERCLOCK_AERO
7,880;556,61;2974,47;660,87;4137,56;1021,98;3458,70;852,82;4327,58;135,40;0,807607;261,28;781,07;549,93;3,154;421751;60571;0;0;0,8312;1,4000;0,00;DANGER_OVERCLOCK_AERO
7,890;554,46;2983,25;664,74;4141,05;1021,19;3465,25;856,72;4330,48;134,40;0,807309;261,26;780,25;550,08;3,152;420944;60543;0;0;0,8265;1,3923;0,00;OK
7,900;552,33;2992,02;668,62;4144,53;1020,41;3471,80;860,62;4333,38;132,87;0,807011;261,23;779,43;550,22;3,149;420143;60515;0;0;0,8184;1,3791;0,00;OK
7,910;550,20;3000,77;672,51;4148,01;1019,63;3478,35;864,52;4336,28;131,36;0,806713;261,21;778,62;550,36;3,147;419350;60488;0;0;0,8105;1,3660;0,00;OK
7,920;548,08;3009,52;676,40;4151,50;1018,87;3484,90;868,42;4339,18;129,87;0,806415;261,19;777,82;550,50;3,145;418565;60460;0;0;0,8028;1,3531;0,00;OK
7,930;545,97;3018,25;680,30;4154,98;1018,11;3491,45;872,32;4342,08;128,41;0,806118;261,17;777,02;550,64;3,143;417787;60433;0;0;0,7953;1,3404;0,00;OK
7,940;543,88;3026,96;684,22;4158,46;1017,36;3498,00;876,22;4344,98;126,97;0,805821;261,14;776,24;550,78;3,140;417017;60405;0;0;0,7879;1,3278;0,00;OK
7,950;541,78;3035,67;688,14;4161,94;1016,61;3504,55;880,12;4347,88;125,55;0,805524;261,12;775,46;550,92;3,138;416254;60378;0;0;0,7806;1,3153;0,00;OK
7,960;539,70;3044,37;692,07;4165,41;1015,87;3511,10;884,02;4350,78;124,15;0,805227;261,10;774,70;551,05;3,136;415498;60350;0;0;0,7735;1,3030;0,00;OK
7,970;537,63;3053,05;696,00;4168,89;1015,15;3517,64;887,92;4353,68;122,77;0,804930;261,07;773,94;551,19;3,134;414749;60323;0;0;0,7666;1,2909;0,00;OK
7,980;535,56;3061,72;699,95;4172,36;1014,42;3524,19;891,82;4356,58;121,41;0,804634;261,05;773,19;551,33;3,132;414006;60295;0;0;0,7598;1,2789;0,00;OK
7,990;533,51;3070,38;703,90;4175,84;1013,71;3530,74;895,72;4359,48;120,07;0,804338;261,03;772,44;551,46;3,130;413270;60268;0;0;0,7532;1,2670;0,00;OK
8,000;531,46;3079,03;707,86;4179,31;1013,00;3537,29;899,62;4362,38;118,75;0,804042;261,01;771,70;551,60;3,128;412541;60240;0;0;0,7467;1,2553;0,00;OK
8,010;529,42;3087,67;711,83;4182,78;1012,30;3543,83;903,52;4365,28;117,45;0,803746;260,98;770,97;551,73;3,126;411818;60213;0;0;0,7403;1,2437;0,00;OK
8,020;527,39;3096,30;715,80;4186,25;1011,60;3550,38;907,42;4368,18;116,16;0,803450;260,96;770,25;551,86;3,124;411100;60186;0;0;0,7341;1,2322;0,00;OK
8,030;525,36;3104,91;719,79;4189,71;1010,91;3556,92;911,32;4371,08;114,90;0,803155;260,94;769,53;551,99;3,122;410389;60158;0;0;0,7279;1,2209;0,00;OK
8,040;523,35;3113,52;723,78;4193,18;1010,23;3563,47;915,22;4373,98;113,65;0,802860;260,92;768,82;552,12;3,120;409684;60131;0;0;0,7220;1,2097;0,00;OK
8,050;521,34;3122,11;727,77;4196,65;1009,55;3570,01;919,12;4376,88;112,41;0,802565;260,89;768,12;552,26;3,118;408985;60104;0;0;0,7161;1,1986;0,00;OK
8,060;519,34;3130,70;731,78;4200,11;1008,88;3576,56;923,02;4379,78;111,20;0,802270;260,87;767,42;552,38;3,116;408291;60077;0;0;0,7103;1,1877;0,00;OK
8,070;517,35;3139,27;735,79;4203,57;1008,22;3583,10;926,92;4382,68;110,00;0,801975;260,85;766,73;552,51;3,114;407603;60049;0;0;0,7047;1,1769;0,00;OK
8,080;515,36;3147,83;739,81;4207,03;1007,56;3589,65;930,82;4385,58;108,82;0,801681;260,83;766,05;552,64;3,112;406920;60022;0;0;0,6992;1,1662;0,00;OK
8,090;513,39;3156,39;743,83;4210,49;1006,90;3596,19;934,72;4388,48;107,65;0,801386;260,80;765,37;552,77;3,110;406243;59995;0;0;0,6938;1,1556;0,00;OK
8,100;511,42;3164,93;747,87;4213,95;1006,25;3602,73;938,62;4391,38;106,50;0,801092;260,78;764,70;552,90;3,108;405570;59968;0;0;0,6885;1,1451;0,00;OK
8,110;509,45;3173,46;751,91;4217,41;1005,61;3609,27;942,52;4394,28;105,36;0,800798;260,76;764,03;553,02;3,106;404903;59941;0;0;0,6833;1,1348;0,00;OK
8,120;507,50;3181,98;755,95;4220,87;1004,97;3615,82;946,42;4397,18;104,24;0,800505;260,74;763,37;553,15;3,105;404241;59913;0;0;0,6782;1,1246;0,00;OK
8,130;505,55;3190,49;760,00;4224,32;1004,34;3622,36;950,32;4400,08;103,14;0,800211;260,71;762,71;553,27;3,103;403583;59886;0;0;0,6732;1,1144;0,00;OK
8,140;503,61;3198,99;764,06;4227,77;1003,71;3628,90;954,22;4402,98;102,04;0,799918;260,69;762,06;553,40;3,101;402931;59859;0;0;0,6683;1,1044;0,00;OK
8,150;501,67;3207,49;768,13;4231,23;1003,08;3635,44;958,12;4405,88;100,97;0,799625;260,67;761,42;553,52;3,099;402283;59832;0;0;0,6636;1,0945;0,00;OK
8,160;499,75;3215,97;772,20;4234,68;1002,47;3641,98;962,02;4408,78;99,90;0,799332;260,65;760,78;553,64;3,097;401639;59805;0;0;0,6589;1,0847;0,00;OK
8,170;497,83;3224,44;776,28;4238,13;1001,85;3648,52;965,92;4411,68;98,85;0,799039;260,62;760,14;553,77;3,096;401000;59778;0;0;0,6543;1,0750;0,00;OK
8,180;495,91;3232,90;780,36;4241,58;1001,24;3655,06;969,82;4414,58;97,82;0,798747;260,60;759,51;553,89;3,094;400366;59751;0;0;0,6497;1,0655;0,00;OK
8,190;494,01;3241,36;784,45;4245,03;1000,64;3661,60;973,72;4417,48;96,79;0,798454;260,58;758,89;554,01;3,092;399736;59724;0;0;0,6453;1,0560;0,00;OK
8,200;492,11;3249,80;788,54;4248,47;1000,04;3668,14;977,62;4420,38;95,78;0,798162;260,56;758,27;554,13;3,090;399110;59697;0;0;0,6410;1,0466;0,00;OK
8,210;490,21;3258,23;792,64;4251,92;999,44;3674,68;981,52;4423,28;94,79;0,797870;260,53;757,65;554,25;3,089;398488;59670;0;0;0,6367;1,0373;0,00;OK
8,220;488,33;3266,66;796,75;4255,36;998,85;3681,21;985,42;4426,18;93,80;0,797578;260,51;757,04;554,37;3,087;397870;59643;0;0;0,6326;1,0281;0,00;OK
8,230;486,45;3275,08;800,86;4258,80;998,26;3687,75;989,32;4429,08;92,83;0,797286;260,49;756,43;554,48;3,085;397257;59616;0;0;0,6285;1,0190;0,00;OK
8,240;484,57;3283,48;804,98;4262,25;997,68;3694,29;993,22;4431,98;91,87;0,796995;260,47;755,83;554,60;3,084;396647;59589;0;0;0,6244;1,0101;0,00;OK
8,250;482,71;3291,88;809,11;4265,69;997,10;3700,83;997,12;4434,88;90,92;0,796704;260,45;755,23;554,72;3,082;396041;59562;0;0;0,6205;1,0012;0,00;OK
8,260;480,85;3300,27;813,23;4269,13;996,52;3707,36;1001,02;4437,78;89,98;0,796412;260,42;754,64;554,84;3,080;395439;59535;0;0;0,6166;0,9924;0,00;OK
8,270;478,99;3308,65;817,37;4272,56;995,95;3713,90;1004,92;4440,68;89,06;0,796122;260,40;754,05;554,95;3,079;394840;59509;0;0;0,6129;0,9836;0,00;OK
8,280;477,14;3317,02;821,51;4276,00;995,38;3720,43;1008,82;4443,58;88,15;0,795831;260,38;753,46;555,07;3,077;394245;59482;0;0;0,6091;0,9750;0,00;OK
8,290;475,30;3325,38;825,65;4279,44;994,81;3726,97;1012,72;4446,48;87,24;0,795540;260,36;752,88;555,18;3,075;393654;59455;0;0;0,6055;0,9665;0,00;OK
8,300;473,47;3333,73;829,80;4282,87;994,25;3733,50;1016,62;4449,38;86,35;0,795250;260,33;752,30;555,29;3,074;393066;59428;0;0;0,6019;0,9580;0,00;OK
8,310;471,64;3342,08;833,96;4286,31;993,69;3740,04;1020,52;4452,28;85,47;0,794960;260,31;751,73;555,41;3,072;392482;59401;0;0;0,5984;0,9497;0,00;OK
8,320;469,81;3350,41;838,12;4289,74;993,14;3746,57;1024,42;4455,18;84,60;0,794670;260,29;751,16;555,52;3,071;391901;59374;0;0;0,5950;0,9414;0,00;OK
8,330;468,00;3358,74;842,28;4293,17;992,59;3753,11;1028,32;4458,08;83,74;0,794380;260,27;750,59;555,63;3,069;391323;59348;0;0;0,5916;0,9332;0,00;OK
8,340;466,19;3367,06;846,45;4296,60;992,04;3759,64;1032,22;4460,98;82,89;0,794090;260,24;750,03;555,74;3,068;390749;59321;0;0;0,5883;0,9251;0,00;OK
8,350;464,38;3375,37;850,63;4300,03;991,50;3766,17;1036,12;4463,88;82,05;0,793800;260,22;749,47;555,86;3,066;390178;59294;0;0;0,5850;0,9171;0,00;OK
8,360;462,58;3383,67;854,81;4303,46;990,95;3772,70;1040,02;4466,78;81,22;0,793511;260,20;748,91;555,97;3,064;389610;59268;0;0;0,5818;0,9091;0,00;OK
8,370;460,79;3391,97;858,99;4306,89;990,42;3779,24;1043,92;4469,68;80,40;0,793222;260,18;748,36;556,08;3,063;389045;59241;0;0;0,5787;0,9013;0,00;OK
8,380;459,00;3400,25;863,18;4310,31;989,88;3785,77;1047,82;4472,58;79,59;0,792933;260,16;747,81;556,19;3,061;388483;59214;0;0;0,5756;0,8935;0,00;OK
8,390;457,22;3408,53;867,38;4313,74;989,35;3792,30;1051,72;4475,48;78,79;0,792644;260,13;747,26;556,29;3,060;387924;59188;0;0;0,5726;0,8858;0,00;OK
8,400;455,44;3416,80;871,57;4317,16;988,82;3798,83;1055,62;4478,38;78,00;0,792355;260,11;746,72;556,40;3,058;387369;59161;0;0;0,5697;0,8781;0,00;OK
8,410;453,67;3425,06;875,78;4320,58;988,29;3805,36;1059,52;4481,28;77,22;0,792067;260,09;746,18;556,51;3,057;386816;59134;0;0;0,5667;0,8706;0,00;OK
8,420;451,90;3433,31;879,98;4324,01;987,77;3811,89;1063,42;4484,18;76,45;0,791779;260,07;745,64;556,62;3,055;386265;59108;0;0;0,5639;0,8631;0,00;OK
8,430;450,14;3441,56;884,19;4327,43;987,25;3818,42;1067,32;4487,08;75,69;0,791490;260,04;745,11;556,72;3,054;385718;59081;0;0;0,5611;0,8557;0,00;OK
8,440;448,39;3449,80;888,41;4330,85;986,73;3824,95;1071,22;4489,98;74,93;0,791202;260,02;744,58;556,83;3,052;385173;59055;0;0;0,5583;0,8484;0,00;OK
8,450;446,64;3458,02;892,63;4334,27;986,22;3831,48;1075,12;4492,88;74,19;0,790915;260,00;744,05;556,93;3,051;384632;59028;0;0;0,5556;0,8411;0,00;OK
8,460;444,89;3466,25;896,85;4337,68;985,71;3838,01;1079,02;4495,78;73,45;0,790627;259,98;743,52;557,04;3,050;384092;59002;0;0;0,5530;0,8339;0,00;OK
8,470;443,16;3474,46;901,08;4341,10;985,20;3844,53;1082,92;4498,68;72,72;0,790339;259,96;743,00;557,14;3,048;383556;58975;0;0;0,5504;0,8268;0,00;OK
8,480;441,42;3482,67;905,31;4344,52;984,69;3851,06;1086,82;4501,58;72,00;0,790052;259,93;742,48;557,25;3,047;383022;58949;0;0;0,5478;0,8198;0,00;OK
8,490;439,70;3490,86;909,54;4347,93;984,18;3857,59;1090,72;4504,48;71,29;0,789765;259,91;741,97;557,35;3,045;382490;58922;0;0;0,5453;0,8128;0,00;OK
8,500;437,97;3499,06;913,78;4351,34;983,68;3864,12;1094,62;4507,38;70,58;0,789478;259,89;741,45;557,45;3,044;381961;58896;0;0;0,5429;0,8059;0,00;OK
8,510;436,26;3507,24;918,03;4354,76;983,18;3870,64;1098,52;4510,28;69,89;0,789191;259,87;740,94;557,56;3,042;381435;58869;0;0;0,5405;0,7990;0,00;OK
8,520;434,54;3515,42;922,27;4358,17;982,68;3877,17;1102,42;4513,18;69,20;0,788905;259,84;740,43;557,66;3,041;380911;58843;0;0;0,5381;0,7923;0,00;OK
8,530;432,84;3523,58;926,52;4361,58;982,19;3883,69;1106,32;4516,08;68,52;0,788618;259,82;739,93;557,76;3,040;380389;58817;0;0;0,5358;0,7855;0,00;OK
8,540;431,14;3531,75;930,78;4364,99;981,70;3890,22;1110,22;4518,98;67,85;0,788332;259,80;739,42;557,86;3,038;379869;58790;0;0;0,5335;0,7789;0,00;OK
8,550;429,44;3539,90;935,04;4368,39;981,21;3896,74;1114,12;4521,88;67,18;0,788046;259,78;738,92;557,96;3,037;379352;58764;0;0;0,5312;0,7723;0,00;OK
8,560;427,75;3548,05;939,30;4371,80;980,72;3903,27;1118,02;4524,78;66,53;0,787760;259,76;738,42;558,06;3,035;378838;58738;0;0;0,5290;0,7658;0,00;OK
8,570;426,06;3556,19;943,56;4375,21;980,23;3909,79;1121,92;4527,68;65,88;0,787474;259,73;737,93;558,16;3,034;378325;58711;0;0;0,5269;0,7593;0,00;OK
8,580;424,38;3564,32;947,83;4378,61;979,75;3916,32;1125,82;4530,58;65,23;0,787188;259,71;737,43;558,26;3,033;377815;58685;0;0;0,5247;0,7529;0,00;OK
8,590;422,70;3572,44;952,10;4382,02;979,27;3922,84;1129,72;4533,48;64,60;0,786903;259,69;736,94;558,36;3,031;377307;58659;0;0;0,5226;0,7466;0,00;OK
8,600;421,03;3580,56;956,37;4385,42;978,79;3929,36;1133,62;4536,38;63,97;0,786617;259,67;736,45;558,45;3,030;376801;58632;0;0;0,5206;0,7403;0,00;OK
8,610;419,37;3588,67;960,65;4388,82;978,31;3935,88;1137,52;4539,28;63,35;0,786332;259,64;735,96;558,55;3,029;376297;58606;0;0;0,5186;0,7341;0,00;OK
8,620;417,71;3596,78;964,93;4392,22;977,84;3942,41;1141,42;4542,18;62,73;0,786047;259,62;735,48;558,65;3,027;375795;58580;0;0;0,5166;0,7280;0,00;OK
8,630;416,05;3604,87;969,22;4395,62;977,36;3948,93;1145,32;4545,08;62,13;0,785762;259,60;735,00;558,75;3,026;375295;58554;0;0;0,5146;0,7219;0,00;OK
8,640;414,40;3612,96;973,51;4399,02;976,89;3955,45;1149,22;4547,98;61,52;0,785478;259,58;734,52;558,84;3,025;374797;58528;0;0;0,5127;0,7159;0,00;OK
8,650;412,75;3621,05;977,80;4402,42;976,42;3961,97;1153,12;4550,88;60,93;0,785193;259,56;734,04;558,94;3,023;374302;58501;0;0;0,5109;0,7099;0,00;OK
8,660;411,11;3629,12;982,09;4405,82;975,95;3968,49;1157,02;4553,78;60,34;0,784909;259,53;733,56;559,03;3,022;373808;58475;0;0;0,5090;0,7040;0,00;OK
8,670;409,47;3637,19;986,39;4409,21;975,49;3975,01;1160,92;4556,68;59,76;0,784625;259,51;733,09;559,13;3,021;373316;58449;0;0;0,5072;0,6981;0,00;OK
8,680;407,84;3645,25;990,69;4412,61;975,03;3981,53;1164,82;4559,58;59,19;0,784341;259,49;732,62;559,22;3,019;372826;58423;0;0;0,5054;0,6923;0,00;OK
8,690;406,21;3653,31;994,99;4416,00;974,56;3988,05;1168,72;4562,48;58,62;0,784057;259,47;732,14;559,31;3,018;372338;58397;0;0;0,5037;0,6866;0,00;OK
8,700;404,59;3661,36;999,29;4419,40;974,10;3994,57;1172,62;4565,38;58,06;0,783773;259,45;731,68;559,41;3,017;371852;58371;0;0;0,5020;0,6809;0,00;OK
8,710;402,97;3669,40;1003,60;4422,79;973,64;4001,09;1176,52;4568,28;57,50;0,783490;259,42;731,21;559,50;3,015;371368;58345;0;0;0,5003;0,6752;0,00;OK
8,720;401,35;3677,44;1007,91;4426,18;973,19;4007,60;1180,42;4571,18;56,95;0,783206;259,40;730,75;559,59;3,014;370885;58319;0;0;0,4986;0,6696;0,00;OK
8,730;399,74;3685,47;1012,22;4429,57;972,73;4014,12;1184,32;4574,08;56,41;0,782923;259,38;730,28;559,68;3,013;370404;58293;0;0;0,4970;0,6641;0,00;OK
8,740;398,14;3693,49;1016,54;4432,96;972,28;4020,64;1188,22;4576,98;55,87;0,782640;259,36;729,82;559,77;3,012;369925;58266;0;0;0,4954;0,6586;0,00;OK
8,750;396,54;3701,51;1020,86;4436,35;971,83;4027,16;1192,12;4579,88;55,34;0,782357;259,34;729,36;559,86;3,010;369448;58240;0;0;0,4939;0,6532;0,00;OK
8,760;394,94;3709,52;1025,18;4439,74;971,38;4033,67;1196,02;4582,78;54,81;0,782074;259,31;728,91;559,95;3,009;368973;58214;0;0;0,4923;0,6478;0,00;OK
8,770;393,35;3717,52;1029,50;4443,12;970,93;4040,19;1199,92;4585,68;54,29;0,781792;259,29;728,45;560,04;3,008;368499;58189;0;0;0,4908;0,6425;0,00;OK
8,780;391,76;3725,52;1033,83;4446,51;970,48;4046,70;1203,82;4588,58;53,78;0,781509;259,27;728,00;560,13;3,007;368027;58163;0;0;0,4893;0,6372;0,00;OK
8,790;390,18;3733,51;1038,16;4449,89;970,04;4053,22;1207,72;4591,48;53,27;0,781227;259,25;727,54;560,22;3,005;367556;58137;0;0;0,4879;0,6320;0,00;OK
8,800;388,60;3741,50;1042,49;4453,28;969,59;4059,73;1211,62;4594,38;52,76;0,780945;259,23;727,09;560,31;3,004;367087;58111;0;0;0,4864;0,6268;0,00;OK
8,810;387,03;3749,48;1046,82;4456,66;969,15;4066,25;1215,52;4597,28;52,26;0,780663;259,20;726,65;560,40;3,003;366620;58085;0;0;0,4850;0,6217;0,00;OK
8,820;385,46;3757,45;1051,16;4460,04;968,71;4072,76;1219,42;4600,18;51,77;0,780381;259,18;726,20;560,49;3,002;366155;58059;0;0;0,4836;0,6166;0,00;OK
8,830;383,89;3765,42;1055,49;4463,42;968,27;4079,28;1223,32;4603,08;51,28;0,780099;259,16;725,75;560,57;3,000;365691;58033;0;0;0,4823;0,6116;0,00;OK
8,840;382,33;3773,38;1059,83;4466,80;967,83;4085,79;1227,22;4605,98;50,80;0,779818;259,14;725,31;560,66;2,999;365228;58007;0;0;0,4809;0,6066;0,00;OK
8,850;380,78;3781,33;1064,18;4470,18;967,40;4092,30;1231,12;4608,88;50,33;0,779537;259,12;724,87;560,75;2,998;364767;57981;0;0;0,4796;0,6017;0,00;OK
8,860;379,22;3789,28;1068,52;4473,56;966,96;4098,81;1235,02;4611,78;49,85;0,779255;259,09;724,43;560,83;2,997;364308;57955;0;0;0,4784;0,5968;0,00;OK
8,870;377,68;3797,22;1072,87;4476,94;966,53;4105,33;1238,92;4614,68;49,39;0,778974;259,07;723,99;560,92;2,995;363850;57930;0;0;0,4771;0,5919;0,00;OK
8,880;376,13;3805,16;1077,22;4480,32;966,10;4111,84;1242,82;4617,58;48,93;0,778693;259,05;723,55;561,00;2,994;363393;57904;0;0;0,4758;0,5871;0,00;OK
8,890;374,59;3813,09;1081,57;4483,69;965,66;4118,35;1246,72;4620,48;48,47;0,778413;259,03;723,11;561,09;2,993;362938;57878;0;0;0,4746;0,5824;0,00;OK
8,900;373,06;3821,01;1085,92;4487,07;965,23;4124,86;1250,62;4623,38;48,02;0,778132;259,01;722,68;561,17;2,992;362484;57852;0;0;0,4734;0,5777;0,00;OK
8,910;371,53;3828,93;1090,27;4490,44;964,81;4131,37;1254,52;4626,28;47,57;0,777852;258,98;722,24;561,26;2,991;362032;57827;0;0;0,4722;0,5730;0,00;OK
8,920;370,00;3836,84;1094,63;4493,81;964,38;4137,88;1258,42;4629,18;47,13;0,777571;258,96;721,81;561,34;2,989;361581;57801;0;0;0,4711;0,5684;0,00;OK
8,930;368,48;3844,75;1098,99;4497,18;963,95;4144,39;1262,32;4632,08;46,69;0,777291;258,94;721,38;561,42;2,988;361132;57775;0;0;0,4699;0,5639;0,00;OK
8,940;366,96;3852,65;1103,35;4500,56;963,53;4150,90;1266,22;4634,98;46,26;0,777011;258,92;720,95;561,50;2,987;360684;57749;0;0;0,4688;0,5593;0,00;OK
8,950;365,45;3860,55;1107,71;4503,93;963,11;4157,41;1270,12;4637,88;45,83;0,776732;258,90;720,52;561,59;2,986;360237;57724;0;0;0,4677;0,5549;0,00;OK
8,960;363,94;3868,44;1112,07;4507,29;962,68;4163,92;1274,02;4640,78;45,41;0,776452;258,87;720,10;561,67;2,985;359792;57698;0;0;0,4667;0,5504;0,00;OK
8,970;362,43;3876,32;1116,44;4510,66;962,26;4170,42;1277,92;4643,68;44,99;0,776172;258,85;719,67;561,75;2,983;359348;57672;0;0;0,4656;0,5460;0,00;OK
8,980;360,93;3884,20;1120,80;4514,03;961,84;4176,93;1281,82;4646,58;44,58;0,775893;258,83;719,25;561,83;2,982;358906;57647;0;0;0,4646;0,5417;0,00;OK
8,990;359,43;3892,07;1125,17;4517,40;961,42;4183,44;1285,72;4649,48;44,17;0,775614;258,81;718,83;561,91;2,981;358464;57621;0;0;0,4635;0,5374;0,00;OK
9,000;357,94;3899,94;1129,54;4520,76;961,01;4189,95;1289,62;4652,38;43,77;0,775335;258,79;718,41;561,99;2,980;358024;57596;0;0;0,4625;0,5331;0,00;OK
9,010;356,45;3907,80;1133,92;4524,13;960,59;4196,45;1293,52;4655,28;43,37;0,775056;258,77;717,99;562,07;2,979;357585;57570;0;0;0,4615;0,5289;0,00;OK
9,020;354,96;3915,65;1138,29;4527,49;960,18;4202,96;1297,42;4658,18;42,97;0,774777;258,74;717,57;562,15;2,978;357148;57544;0;0;0,4606;0,5247;0,00;OK
9,030;353,48;3923,50;1142,66;4530,85;959,76;4209,46;1301,32;4661,08;42,58;0,774499;258,72;717,15;562,23;2,976;356712;57519;0;0;0,4596;0,5206;0,00;OK
9,040;352,00;3931,35;1147,04;4534,22;959,35;4215,97;1305,22;4663,98;42,19;0,774220;258,70;716,73;562,31;2,975;356277;57493;0;0;0,4587;0,5165;0,00;OK
9,050;350,53;3939,19;1151,42;4537,58;958,94;4222,47;1309,12;4666,88;41,81;0,773942;258,68;716,32;562,39;2,974;355843;57468;0;0;0,4578;0,5124;0,00;OK
9,060;349,06;3947,02;1155,80;4540,94;958,53;4228,98;1313,02;4669,78;41,43;0,773664;258,66;715,90;562,46;2,973;355410;57442;0;0;0,4569;0,5084;0,00;OK
9,070;347,59;3954,85;1160,18;4544,30;958,12;4235,48;1316,92;4672,68;41,06;0,773386;258,63;715,49;562,54;2,972;354979;57417;0;0;0,4560;0,5044;0,00;OK
9,080;346,13;3962,67;1164,56;4547,65;957,71;4241,99;1320,82;4675,58;40,69;0,773108;258,61;715,08;562,62;2,971;354548;57391;0;0;0,4551;0,5005;0,00;OK
9,090;344,67;3970,49;1168,94;4551,01;957,30;4248,49;1324,72;4678,48;40,32;0,772830;258,59;714,67;562,69;2,970;354119;57366;0;0;0,4542;0,4965;0,00;OK
9,100;343,22;3978,30;1173,33;4554,37;956,89;4254,99;1328,62;4681,38;39,96;0,772552;258,57;714,26;562,77;2,968;353691;57340;0;0;0,4534;0,4927;0,00;OK
9,110;341,77;3986,11;1177,71;4557,73;956,49;4261,49;1332,52;4684,28;39,60;0,772275;258,55;713,85;562,85;2,967;353265;57315;0;0;0,4526;0,4889;0,00;OK
9,120;340,32;3993,91;1182,10;4561,08;956,08;4268,00;1336,42;4687,18;39,25;0,771998;258,52;713,44;562,92;2,966;352839;57290;0;0;0,4518;0,4851;0,00;OK
9,130;338,88;4001,71;1186,49;4564,43;955,68;4274,50;1340,32;4690,08;38,90;0,771721;258,50;713,04;563,00;2,965;352415;57264;0;0;0,4510;0,4813;0,00;OK
9,140;337,44;4009,50;1190,88;4567,79;955,28;4281,00;1344,22;4692,98;38,55;0,771444;258,48;712,63;563,07;2,964;351991;57239;0;0;0,4502;0,4776;0,00;OK
9,150;336,01;4017,29;1195,27;4571,14;954,87;4287,50;1348,12;4695,88;38,21;0,771167;258,46;712,23;563,15;2,963;351569;57213;0;0;0,4494;0,4739;0,00;OK
9,160;334,58;4025,07;1199,66;4574,49;954,47;4294,00;1352,02;4698,78;37,87;0,770890;258,44;711,83;563,22;2,962;351148;57188;0;0;0,4487;0,4703;0,00;OK
9,170;333,15;4032,84;1204,05;4577,84;954,07;4300,50;1355,92;4701,68;37,53;0,770614;258,42;711,43;563,29;2,961;350728;57163;0;0;0,4479;0,4667;0,00;OK
9,180;331,72;4040,61;1208,45;4581,19;953,67;4307,00;1359,82;4704,58;37,20;0,770337;258,39;711,02;563,37;2,959;350308;57137;0;0;0,4472;0,4631;0,00;OK
9,190;330,30;4048,38;1212,84;4584,54;953,28;4313,50;1363,72;4707,48;36,88;0,770061;258,37;710,63;563,44;2,958;349890;57112;0;0;0,4465;0,4596;0,00;OK
9,200;328,89;4056,14;1217,24;4587,89;952,88;4320,00;1367,62;4710,38;36,55;0,769785;258,35;710,23;563,51;2,957;349474;57087;0;0;0,4458;0,4561;0,00;OK
9,210;327,48;4063,89;1221,64;4591,24;952,48;4326,50;1371,52;4713,28;36,23;0,769509;258,33;709,83;563,58;2,956;349058;57062;0;0;0,4451;0,4527;0,00;OK
9,220;326,07;4071,64;1226,03;4594,58;952,09;4332,99;1375,42;4716,18;35,92;0,769233;258,31;709,43;563,65;2,955;348643;57036;0;0;0,4444;0,4492;0,00;OK
9,230;324,66;4079,39;1230,43;4597,93;951,69;4339,49;1379,32;4719,08;35,60;0,768958;258,29;709,04;563,73;2,954;348229;57011;0;0;0,4437;0,4459;0,00;OK
9,240;323,26;4087,13;1234,83;4601,27;951,30;4345,99;1383,22;4721,98;35,29;0,768682;258,26;708,64;563,80;2,953;347816;56986;0;0;0,4431;0,4425;0,00;OK
9,250;321,87;4094,87;1239,23;4604,62;950,90;4352,49;1387,12;4724,88;34,99;0,768407;258,24;708,25;563,87;2,952;347404;56961;0;0;0,4424;0,4392;0,00;OK
9,260;320,47;4102,60;1243,64;4607,96;950,51;4358,98;1391,02;4727,78;34,68;0,768131;258,22;707,86;563,94;2,951;346993;56935;0;0;0,4418;0,4359;0,00;OK
9,270;319,08;4110,32;1248,04;4611,30;950,12;4365,48;1394,92;4730,68;34,39;0,767856;258,20;707,46;564,01;2,950;346584;56910;0;0;0,4412;0,4327;0,00;OK
9,280;317,70;4118,04;1252,44;4614,65;949,73;4371,97;1398,82;4733,58;34,09;0,767581;258,18;707,07;564,08;2,948;346175;56885;0;0;0,4406;0,4295;0,00;OK
9,290;316,31;4125,76;1256,84;4617,99;949,34;4378,47;1402,72;4736,48;33,80;0,767307;258,15;706,68;564,15;2,947;345767;56860;0;0;0,4400;0,4263;0,00;OK
9,300;314,94;4133,47;1261,25;4621,33;948,95;4384,96;1406,62;4739,38;33,51;0,767032;258,13;706,29;564,21;2,946;345360;56835;0;0;0,4394;0,4231;0,00;OK
9,310;313,56;4141,17;1265,65;4624,67;948,56;4391,46;1410,52;4742,28;33,22;0,766757;258,11;705,90;564,28;2,945;344954;56810;0;0;0,4388;0,4200;0,00;OK
9,320;312,19;4148,88;1270,06;4628,00;948,18;4397,95;1414,42;4745,18;32,94;0,766483;258,09;705,52;564,35;2,944;344549;56785;0;0;0,4382;0,4169;0,00;OK
9,330;310,82;4156,57;1274,47;4631,34;947,79;4404,45;1418,32;4748,08;32,66;0,766209;258,07;705,13;564,42;2,943;344145;56760;0;0;0,4377;0,4139;0,00;OK
9,340;309,46;4164,26;1278,87;4634,68;947,40;4410,94;1422,22;4750,98;32,39;0,765935;258,05;704,75;564,49;2,942;343742;56734;0;0;0,4371;0,4109;0,00;OK
9,350;308,10;4171,95;1283,28;4638,01;947,02;4417,43;1426,12;4753,88;32,11;0,765661;258,02;704,36;564,55;2,941;343339;56709;0;0;0,4366;0,4079;0,00;OK
9,360;306,74;4179,63;1287,69;4641,35;946,63;4423,92;1430,02;4756,78;31,85;0,765387;258,00;703,98;564,62;2,940;342938;56684;0;0;0,4361;0,4050;0,00;OK
9,370;305,39;4187,31;1292,10;4644,68;946,25;4430,42;1433,92;4759,68;31,58;0,765113;257,98;703,59;564,69;2,939;342538;56659;0;0;0,4356;0,4020;0,00;OK
9,380;304,04;4194,98;1296,51;4648,02;945,87;4436,91;1437,82;4762,58;31,32;0,764840;257,96;703,21;564,75;2,938;342138;56634;0;0;0,4351;0,3992;0,00;OK
9,390;302,69;4202,65;1300,92;4651,35;945,49;4443,40;1441,72;4765,48;31,06;0,764567;257,94;702,83;564,82;2,937;341739;56609;0;0;0,4346;0,3963;0,00;OK
9,400;301,35;4210,32;1305,33;4654,68;945,10;4449,89;1445,62;4768,38;30,80;0,764293;257,92;702,45;564,88;2,936;341342;56584;0;0;0,4341;0,3935;0,00;OK
9,410;300,01;4217,98;1309,74;4658,01;944,72;4456,38;1449,52;4771,28;30,55;0,764020;257,89;702,07;564,95;2,935;340945;56559;0;0;0,4336;0,3907;0,00;OK
9,420;298,67;4225,63;1314,15;4661,34;944,34;4462,87;1453,42;4774,18;30,29;0,763747;257,87;701,69;565,01;2,933;340549;56534;0;0;0,4331;0,3879;0,00;OK
9,430;297,34;4233,28;1318,56;4664,67;943,96;4469,36;1457,32;4777,08;30,05;0,763474;257,85;701,31;565,08;2,932;340154;56509;0;0;0,4326;0,3852;0,00;OK
9,440;296,01;4240,93;1322,98;4668,00;943,58;4475,85;1461,22;4779,98;29,80;0,763202;257,83;700,93;565,14;2,931;339759;56485;0;0;0,4322;0,3825;0,00;OK
9,450;294,69;4248,57;1327,39;4671,33;943,21;4482,34;1465,12;4782,88;29,56;0,762929;257,81;700,56;565,20;2,930;339366;56460;0;0;0,4317;0,3798;0,00;OK
9,460;293,37;4256,20;1331,80;4674,65;942,83;4488,83;1469,02;4785,78;29,32;0,762657;257,79;700,18;565,27;2,929;338973;56435;0;0;0,4313;0,3772;0,00;OK
9,470;292,05;4263,83;1336,22;4677,98;942,45;4495,31;1472,92;4788,68;29,08;0,762385;257,76;699,81;565,33;2,928;338582;56410;0;0;0,4309;0,3746;0,00;OK
9,480;290,73;4271,46;1340,63;4681,31;942,08;4501,80;1476,82;4791,58;28,85;0,762113;257,74;699,43;565,39;2,927;338191;56385;0;0;0,4304;0,3720;0,00;OK
9,490;289,42;4279,08;1345,04;4684,63;941,70;4508,29;1480,72;4794,48;28,62;0,761841;257,72;699,06;565,45;2,926;337800;56360;0;0;0,4300;0,3695;0,00;OK
9,500;288,12;4286,70;1349,46;4687,95;941,33;4514,78;1484,62;4797,38;28,39;0,761569;257,70;698,69;565,52;2,925;337411;56335;0;0;0,4296;0,3670;0,00;OK
9,510;286,81;4294,32;1353,87;4691,28;940,95;4521,26;1488,52;4800,28;28,17;0,761297;257,68;698,31;565,58;2,924;337023;56311;0;0;0,4292;0,3645;0,00;OK
9,520;285,51;4301,93;1358,29;4694,60;940,58;4527,75;1492,42;4803,18;27,94;0,761026;257,66;697,94;565,64;2,923;336635;56286;0;0;0,4288;0,3620;0,00;OK
9,530;284,21;4309,53;1362,70;4697,92;940,21;4534,23;1496,32;4806,08;27,72;0,760754;257,64;697,57;565,70;2,922;336248;56261;0;0;0,4284;0,3596;0,00;OK
9,540;282,92;4317,13;1367,12;4701,24;939,83;4540,72;1500,22;4808,98;27,51;0,760483;257,61;697,20;565,76;2,921;335862;56236;0;0;0,4281;0,3572;0,00;OK
9,550;281,63;4324,73;1371,53;4704,56;939,46;4547,20;1504,12;4811,88;27,29;0,760212;257,59;696,83;565,82;2,920;335477;56211;0;0;0,4277;0,3548;0,00;OK
9,560;280,34;4332,32;1375,95;4707,88;939,09;4553,69;1508,02;4814,78;27,08;0,759941;257,57;696,46;565,88;2,919;335092;56187;0;0;0,4273;0,3524;0,00;OK
9,570;279,06;4339,91;1380,37;4711,20;938,72;4560,17;1511,92;4817,68;26,87;0,759670;257,55;696,10;565,94;2,918;334709;56162;0;0;0,4270;0,3501;0,00;OK
9,580;277,78;4347,49;1384,78;4714,51;938,35;4566,66;1515,82;4820,58;26,67;0,759399;257,53;695,73;566,00;2,917;334326;56137;0;0;0,4266;0,3478;0,00;OK
9,590;276,50;4355,07;1389,20;4717,83;937,98;4573,14;1519,72;4823,48;26,46;0,759129;257,51;695,36;566,06;2,916;333944;56113;0;0;0,4263;0,3456;0,00;OK
9,600;275,23;4362,65;1393,61;4721,15;937,61;4579,62;1523,62;4826,38;26,26;0,758858;257,48;695,00;566,12;2,915;333562;56088;0;0;0,4259;0,3433;0,00;OK
9,610;273,96;4370,22;1398,03;4724,46;937,24;4586,10;1527,52;4829,28;26,06;0,758588;257,46;694,63;566,18;2,914;333181;56063;0;0;0,4256;0,3411;0,00;OK
9,620;272,70;4377,78;1402,45;4727,78;936,88;4592,59;1531,42;4832,18;25,87;0,758318;257,44;694,27;566,23;2,913;332802;56038;0;0;0,4253;0,3389;0,00;OK
9,630;271,43;4385,35;1406,86;4731,09;936,51;4599,07;1535,32;4835,08;25,67;0,758048;257,42;693,90;566,29;2,912;332422;56014;0;0;0,4250;0,3368;0,00;OK
9,640;270,17;4392,90;1411,28;4734,40;936,14;4605,55;1539,22;4837,98;25,48;0,757778;257,40;693,54;566,35;2,911;332044;55989;0;0;0,4246;0,3347;0,00;OK
9,650;268,92;4400,46;1415,69;4737,71;935,78;4612,03;1543,12;4840,88;25,29;0,757508;257,38;693,18;566,41;2,910;331666;55965;0;0;0,4243;0,3326;0,00;OK
9,660;267,66;4408,01;1420,11;4741,03;935,41;4618,51;1547,02;4843,78;25,11;0,757238;257,35;692,82;566,46;2,909;331289;55940;0;0;0,4240;0,3305;0,00;OK
9,670;266,41;4415,55;1424,53;4744,34;935,05;4624,99;1550,92;4846,68;24,92;0,756969;257,33;692,45;566,52;2,908;330913;55915;0;0;0,4237;0,3284;0,00;OK
9,680;265,17;4423,10;1428,94;4747,65;934,68;4631,47;1554,82;4849,58;24,74;0,756700;257,31;692,09;566,58;2,907;330538;55891;0;0;0,4234;0,3264;0,00;OK
9,690;263,93;4430,63;1433,36;4750,95;934,32;4637,95;1558,72;4852,48;24,56;0,756430;257,29;691,73;566,63;2,906;330163;55866;0;0;0,4232;0,3244;0,00;OK
9,700;262,69;4438,17;1437,78;4754,26;933,95;4644,43;1562,62;4855,38;24,38;0,756161;257,27;691,38;566,69;2,905;329789;55842;0;0;0,4229;0,3224;0,00;OK
9,710;261,45;4445,69;1442,19;4757,57;933,59;4650,91;1566,52;4858,28;24,21;0,755892;257,25;691,02;566,74;2,904;329416;55817;0;0;0,4226;0,3205;0,00;OK
9,720;260,22;4453,22;1446,61;4760,88;933,23;4657,38;1570,42;4861,18;24,04;0,755624;257,23;690,66;566,80;2,903;329043;55793;0;0;0,4223;0,3186;0,00;OK
9,730;258,99;4460,74;1451,02;4764,18;932,87;4663,86;1574,32;4864,08;23,87;0,755355;257,20;690,30;566,85;2,902;328671;55768;0;0;0,4221;0,3167;0,00;OK
9,740;257,76;4468,26;1455,44;4767,49;932,51;4670,34;1578,22;4866,98;23,70;0,755086;257,18;689,94;566,91;2,901;328300;55744;0;0;0,4218;0,3148;0,00;OK
9,750;256,54;4475,77;1459,85;4770,79;932,15;4676,82;1582,12;4869,88;23,53;0,754818;257,16;689,59;566,96;2,900;327929;55719;0;0;0,4215;0,3129;0,00;OK
9,760;255,32;4483,28;1464,27;4774,09;931,79;4683,29;1586,02;4872,78;23,37;0,754550;257,14;689,23;567,01;2,899;327559;55695;0;0;0,4213;0,3111;0,00;OK
9,770;254,10;4490,78;1468,68;4777,40;931,43;4689,77;1589,92;4875,68;23,21;0,754282;257,12;688,88;567,07;2,898;327190;55670;0;0;0,4210;0,3093;0,00;OK
9,780;252,89;4498,29;1473,10;4780,70;931,07;4696,24;1593,82;4878,58;23,05;0,754014;257,10;688,52;567,12;2,897;326822;55646;0;0;0,4208;0,3075;0,00;OK
9,790;251,68;4505,78;1477,51;4784,00;930,71;4702,72;1597,72;4881,48;22,89;0,753746;257,08;688,17;567,17;2,896;326454;55622;0;0;0,4206;0,3058;0,00;OK
9,800;250,47;4513,28;1481,93;4787,30;930,35;4709,19;1601,62;4884,38;22,74;0,753478;257,05;687,82;567,23;2,895;326087;55597;0;0;0,4203;0,3040;0,00;OK
9,810;249,27;4520,76;1486,34;4790,60;929,99;4715,67;1605,52;4887,28;22,58;0,753210;257,03;687,46;567,28;2,894;325721;55573;0;0;0,4201;0,3023;0,00;OK
9,820;248,07;4528,25;1490,75;4793,90;929,64;4722,14;1609,42;4890,18;22,43;0,752943;257,01;687,11;567,33;2,893;325355;55548;0;0;0,4199;0,3007;0,00;OK
9,830;246,87;4535,73;1495,17;4797,20;929,28;4728,62;1613,32;4893,08;22,28;0,752676;256,99;686,76;567,38;2,892;324990;55524;0;0;0,4197;0,2990;0,00;OK
9,840;245,68;4543,21;1499,58;4800,50;928,92;4735,09;1617,22;4895,98;22,14;0,752409;256,97;686,41;567,43;2,891;324625;55500;0;0;0,4195;0,2974;0,00;OK
9,850;244,49;4550,68;1503,99;4803,79;928,57;4741,56;1621,12;4898,88;21,99;0,752141;256,95;686,06;567,48;2,890;324261;55475;0;0;0,4192;0,2957;0,00;OK
9,860;243,30;4558,15;1508,41;4807,09;928,21;4748,03;1625,02;4901,78;21,85;0,751875;256,93;685,71;567,53;2,889;323898;55451;0;0;0,4190;0,2941;0,00;OK
9,870;242,12;4565,62;1512,82;4810,38;927,86;4754,51;1628,92;4904,68;21,71;0,751608;256,90;685,36;567,58;2,888;323536;55427;0;0;0,4188;0,2926;0,00;OK
9,880;240,94;4573,08;1517,23;4813,68;927,50;4760,98;1632,82;4907,58;21,57;0,751341;256,88;685,01;567,63;2,887;323174;55402;0;0;0,4186;0,2910;0,00;OK
9,890;239,76;4580,54;1521,64;4816,97;927,15;4767,45;1636,72;4910,48;21,43;0,751075;256,86;684,66;567,68;2,886;322813;55378;0;0;0,4184;0,2895;0,00;OK
9,900;238,59;4587,99;1526,05;4820,26;926,79;4773,92;1640,62;4913,38;21,29;0,750808;256,84;684,31;567,73;2,885;322452;55354;0;0;0,4182;0,2880;0,00;OK
9,910;237,42;4595,44;1530,46;4823,56;926,44;4780,39;1644,52;4916,28;21,16;0,750542;256,82;683,97;567,78;2,884;322092;55330;0;0;0,4181;0,2865;0,00;OK
9,920;236,25;4602,89;1534,87;4826,85;926,09;4786,86;1648,42;4919,18;21,03;0,750276;256,80;683,62;567,83;2,883;321733;55305;0;0;0,4179;0,2850;0,00;OK
9,930;235,09;4610,33;1539,28;4830,14;925,74;4793,33;1652,32;4922,08;20,90;0,750010;256,78;683,27;567,88;2,882;321374;55281;0;0;0,4177;0,2836;0,00;OK
9,940;233,93;4617,77;1543,69;4833,43;925,38;4799,80;1656,22;4924,98;20,77;0,749744;256,75;682,93;567,93;2,881;321016;55257;0;0;0,4175;0,2822;0,00;OK
9,950;232,77;4625,20;1548,10;4836,72;925,03;4806,27;1660,12;4927,88;20,65;0,749478;256,73;682,58;567,98;2,880;320659;55233;0;0;0,4173;0,2808;0,00;OK
9,960;231,61;4632,63;1552,51;4840,01;924,68;4812,74;1664,02;4930,78;20,52;0,749213;256,71;682,24;568,02;2,879;320302;55209;0;0;0,4172;0,2794;0,00;OK
9,970;230,46;4640,06;1556,92;4843,29;924,33;4819,20;1667,92;4933,68;20,40;0,748947;256,69;681,90;568,07;2,878;319946;55185;0;0;0,4170;0,2780;0,00;OK
9,980;229,31;4647,49;1561,32;4846,58;923,98;4825,67;1671,82;4936,58;20,28;0,748682;256,67;681,55;568,12;2,877;319590;55160;0;0;0,4168;0,2767;0,00;OK
9,990;228,17;4654,91;1565,73;4849,87;923,63;4832,14;1675,72;4939,48;20,16;0,748417;256,65;681,21;568,17;2,876;319235;55136;0;0;0,4167;0,2754;0,00;OK
10,000;227,03;4662,32;1570,14;4853,15;923,28;4838,61;1679,62;4942,38;20,04;0,748152;256,63;680,87;568,21;2,875;318881;55112;0;0;0,4165;0,2741;0,00;OK
10,010;225,89;4669,74;1574,54;4856,44;922,93;4845,07;1683,52;4945,28;19,93;0,747887;256,60;680,53;568,26;2,874;318527;55088;0;0;0,4164;0,2728;0,00;OK
10,020;224,75;4677,14;1578,95;4859,72;922,58;4851,54;1687,42;4948,18;19,81;0,747622;256,58;680,18;568,31;2,873;318174;55064;0;0;0,4162;0,2715;0,00;OK
10,030;223,62;4684,55;1583,35;4863,00;922,24;4858,00;1691,32;4951,08;19,70;0,747357;256,56;679,84;568,35;2,872;317821;55040;0;0;0,4161;0,2703;0,00;OK
10,040;222,49;4691,95;1587,76;4866,29;921,89;4864,47;1695,22;4953,98;19,59;0,747093;256,54;679,50;568,40;2,871;317470;55016;0;0;0,4159;0,2691;0,00;OK
10,050;221,36;4699,35;1592,16;4869,57;921,54;4870,93;1699,12;4956,88;19,48;0,746828;256,52;679,16;568,44;2,870;317118;54992;0;0;0,4158;0,2679;0,00;OK
10,060;220,24;4706,74;1596,56;4872,85;921,20;4877,40;1703,02;4959,78;19,37;0,746564;256,50;678,82;568,49;2,869;316767;54968;0;0;0,4156;0,2667;0,00;OK
10,070;219,12;4714,13;1600,96;4876,13;920,85;4883,86;1706,92;4962,68;19,26;0,746300;256,48;678,48;568,53;2,868;316417;54944;0;0;0,4155;0,2655;0,00;OK
10,080;218,01;4721,52;1605,37;4879,41;920,50;4890,33;1710,82;4965,58;19,16;0,746036;256,46;678,15;568,58;2,867;316068;54920;0;0;0,4154;0,2643;0,00;OK
10,090;216,89;4728,91;1609,77;4882,69;920,16;4896,79;1714,72;4968,48;19,06;0,745772;256,43;677,81;568,62;2,866;315719;54896;0;0;0,4152;0,2632;0,00;OK
10,100;215,78;4736,29;1614,17;4885,97;919,81;4903,25;1718,62;4971,38;18,95;0,745508;256,41;677,47;568,66;2,865;315370;54872;0;0;0,4151;0,2621;0,00;OK
10,110;214,67;4743,66;1618,57;4889,24;919,47;4909,71;1722,52;4974,28;18,85;0,745245;256,39;677,13;568,71;2,864;315022;54848;0;0;0,4150;0,2610;0,00;OK
10,120;213,57;4751,03;1622,97;4892,52;919,12;4916,18;1726,42;4977,18;18,75;0,744981;256,37;676,80;568,75;2,864;314675;54824;0;0;0,4149;0,2599;0,00;OK
10,130;212,47;4758,40;1627,36;4895,80;918,78;4922,64;1730,32;4980,08;18,66;0,744718;256,35;676,46;568,79;2,863;314328;54800;0;0;0,4147;0,2588;0,00;OK
10,140;211,37;4765,77;1631,76;4899,07;918,44;4929,10;1734,22;4982,98;18,56;0,744454;256,33;676,13;568,84;2,862;313982;54776;0;0;0,4146;0,2578;0,00;OK
10,150;210,28;4773,13;1636,16;4902,35;918,09;4935,56;1738,12;4985,88;18,47;0,744191;256,31;675,79;568,88;2,861;313637;54752;0;0;0,4145;0,2568;0,00;OK
10,160;209,18;4780,49;1640,56;4905,62;917,75;4942,02;1742,02;4988,78;18,37;0,743928;256,28;675,46;568,92;2,860;313292;54728;0;0;0,4144;0,2557;0,00;OK
10,170;208,10;4787,85;1644,95;4908,89;917,41;4948,48;1745,92;4991,68;18,28;0,743666;256,26;675,12;568,96;2,859;312947;54704;0;0;0,4143;0,2547;0,00;OK
10,180;207,01;4795,20;1649,35;4912,16;917,06;4954,94;1749,82;4994,58;18,19;0,743403;256,24;674,79;569,01;2,858;312603;54680;0;0;0,4142;0,2538;0,00;OK
10,190;205,93;4802,55;1653,74;4915,44;916,72;4961,40;1753,72;4997,48;18,10;0,743140;256,22;674,46;569,05;2,857;312260;54657;0;0;0,4141;0,2528;0,00;OK
10,200;204,85;4809,89;1658,13;4918,71;916,38;4967,86;1757,62;5000,38;18,01;0,742878;256,20;674,12;569,09;2,856;311917;54633;0;0;0,4140;0,2518;0,00;OK
10,210;203,77;4817,23;1662,53;4921,98;916,04;4974,32;1761,52;5003,28;17,93;0,742615;256,18;673,79;569,13;2,855;311575;54609;0;0;0,4138;0,2509;0,00;OK
10,220;202,70;4824,57;1666,92;4925,25;915,70;4980,77;1765,42;5006,18;17,84;0,742353;256,16;673,46;569,17;2,854;311233;54585;0;0;0,4137;0,2500;0,00;OK
10,230;201,63;4831,90;1671,31;4928,51;915,36;4987,23;1769,32;5009,08;17,76;0,742091;256,14;673,13;569,21;2,853;310892;54561;0;0;0,4136;0,2491;0,00;OK
10,240;200,56;4839,23;1675,70;4931,78;915,02;4993,69;1773,22;5011,98;17,67;0,741829;256,11;672,80;569,25;2,852;310552;54538;0;0;0,4136;0,2482;0,00;OK
10,250;199,50;4846,56;1680,09;4935,05;914,68;5000,15;1777,12;5014,88;17,59;0,741567;256,09;672,47;569,29;2,851;310212;54514;0;0;0,4135;0,2473;0,00;OK
10,260;198,44;4853,88;1684,48;4938,32;914,34;5006,60;1781,02;5017,78;17,51;0,741306;256,07;672,14;569,33;2,850;309872;54490;0;0;0,4134;0,2464;0,00;OK
10,270;197,38;4861,20;1688,87;4941,58;914,00;5013,06;1784,92;5020,68;17,43;0,741044;256,05;671,81;569,37;2,849;309533;54466;0;0;0,4133;0,2456;0,00;OK
10,280;196,32;4868,52;1693,25;4944,85;913,66;5019,51;1788,82;5023,58;17,35;0,740783;256,03;671,48;569,41;2,848;309195;54443;0;0;0,4132;0,2448;0,00;OK
10,290;195,27;4875,84;1697,64;4948,11;913,32;5025,97;1792,72;5026,48;17,28;0,740521;256,01;671,15;569,45;2,847;308857;54419;0;0;0,4131;0,2439;0,00;OK
10,300;194,22;4883,15;1702,03;4951,37;912,99;5032,42;1796,62;5029,38;17,20;0,740260;255,99;670,82;569,49;2,847;308520;54395;0;0;0,4130;0,2431;0,00;OK
10,310;193,18;4890,45;1706,41;4954,64;912,65;5038,88;1800,52;5032,28;17,13;0,739999;255,97;670,49;569,53;2,846;308183;54371;0;0;0,4129;0,2423;0,00;OK
10,320;192,14;4897,76;1710,80;4957,90;912,31;5045,33;1804,42;5035,18;17,05;0,739738;255,94;670,16;569,56;2,845;307847;54348;0;0;0,4128;0,2416;0,00;OK
10,330;191,10;4905,06;1715,18;4961,16;911,97;5051,79;1808,32;5038,08;16,98;0,739478;255,92;669,84;569,60;2,844;307511;54324;0;0;0,4128;0,2408;0,00;OK
10,340;190,06;4912,35;1719,56;4964,42;911,64;5058,24;1812,22;5040,98;16,91;0,739217;255,90;669,51;569,64;2,843;307176;54301;0;0;0,4127;0,2400;0,00;OK
10,350;189,03;4919,65;1723,94;4967,68;911,30;5064,69;1816,12;5043,88;16,84;0,738956;255,88;669,18;569,68;2,842;306841;54277;0;0;0,4126;0,2393;0,00;OK
10,360;187,99;4926,94;1728,32;4970,94;910,97;5071,14;1820,02;5046,78;16,77;0,738696;255,86;668,86;569,71;2,841;306507;54253;0;0;0,4125;0,2386;0,00;OK
10,370;186,97;4934,22;1732,70;4974,20;910,63;5077,60;1823,92;5049,68;16,70;0,738436;255,84;668,53;569,75;2,840;306173;54230;0;0;0,4124;0,2378;0,00;OK
10,380;185,94;4941,51;1737,08;4977,46;910,30;5084,05;1827,82;5052,58;16,63;0,738176;255,82;668,21;569,79;2,839;305840;54206;0;0;0,4124;0,2371;0,00;OK
10,390;184,92;4948,79;1741,46;4980,72;909,96;5090,50;1831,72;5055,48;16,56;0,737916;255,80;667,88;569,82;2,838;305507;54182;0;0;0,4123;0,2364;0,00;OK
10,400;183,90;4956,06;1745,84;4983,97;909,63;5096,95;1835,62;5058,38;16,50;0,737656;255,78;667,56;569,86;2,837;305175;54159;0;0;0,4122;0,2358;0,00;OK
10,410;182,89;4963,34;1750,21;4987,23;909,29;5103,40;1839,52;5061,28;16,43;0,737396;255,75;667,24;569,90;2,836;304844;54135;0;0;0,4122;0,2351;0,00;OK
10,420;181,88;4970,61;1754,59;4990,48;908,96;5109,85;1843,42;5064,18;16,37;0,737136;255,73;666,91;569,93;2,835;304513;54112;0;0;0,4121;0,2344;0,00;OK
10,430;180,87;4977,87;1758,96;4993,74;908,62;5116,30;1847,32;5067,08;16,31;0,736877;255,71;666,59;569,97;2,834;304182;54088;0;0;0,4120;0,2338;0,00;OK
10,440;179,86;4985,14;1763,34;4996,99;908,29;5122,75;1851,22;5069,98;16,24;0,736617;255,69;666,27;570,00;2,834;303852;54065;0;0;0,4120;0,2331;0,00;OK
10,450;178,86;4992,40;1767,71;5000,24;907,96;5129,20;1855,12;5072,88;16,18;0,736358;255,67;665,95;570,04;2,833;303523;54041;0;0;0,4119;0,2325;0,00;OK
10,460;177,86;4999,65;1772,08;5003,49;907,63;5135,65;1859,02;5075,78;16,12;0,736099;255,65;665,62;570,07;2,832;303194;54018;0;0;0,4118;0,2319;0,00;OK
10,470;176,86;5006,91;1776,45;5006,75;907,29;5142,09;1862,92;5078,68;16,06;0,735840;255,63;665,30;570,11;2,831;302865;53994;0;0;0,4118;0,2313;0,00;OK
10,480;175,86;5014,16;1780,82;5010,00;906,96;5148,54;1866,82;5081,58;16,00;0,735581;255,61;664,98;570,14;2,830;302537;53971;0;0;0,4117;0,2307;0,00;OK
10,490;174,87;5021,40;1785,19;5013,25;906,63;5154,99;1870,72;5084,48;15,95;0,735322;255,59;664,66;570,17;2,829;302209;53947;0;0;0,4116;0,2301;0,00;OK
10,500;173,88;5028,65;1789,56;5016,50;906,30;5161,44;1874,62;5087,38;15,89;0,735064;255,56;664,34;570,21;2,828;301882;53924;0;0;0,4116;0,2295;0,00;OK
10,510;172,90;5035,89;1793,92;5019,75;905,97;5167,88;1878,52;5090,28;15,83;0,734805;255,54;664,02;570,24;2,827;301556;53901;0;0;0,4115;0,2290;0,00;OK
10,520;171,92;5043,13;1798,29;5022,99;905,64;5174,33;1882,42;5093,18;15,78;0,734547;255,52;663,70;570,27;2,826;301230;53877;0;0;0,4115;0,2284;0,00;OK
10,530;170,94;5050,36;1802,65;5026,24;905,31;5180,77;1886,32;5096,08;15,72;0,734289;255,50;663,38;570,31;2,825;300904;53854;0;0;0,4114;0,2278;0,00;OK
10,540;169,96;5057,59;1807,02;5029,49;904,98;5187,22;1890,22;5098,98;15,67;0,734030;255,48;663,07;570,34;2,824;300579;53830;0;0;0,4114;0,2273;0,00;OK
10,550;168,99;5064,82;1811,38;5032,73;904,65;5193,66;1894,12;5101,88;15,61;0,733772;255,46;662,75;570,37;2,823;300255;53807;0;0;0,4113;0,2268;0,00;OK
10,560;168,02;5072,04;1815,74;5035,98;904,32;5200,11;1898,02;5104,78;15,56;0,733515;255,44;662,43;570,40;2,823;299931;53784;0;0;0,4113;0,2263;0,00;OK
10,570;167,05;5079,26;1820,10;5039,22;903,99;5206,55;1901,92;5107,68;15,51;0,733257;255,42;662,11;570,44;2,822;299607;53760;0;0;0,4112;0,2257;0,00;OK
10,580;166,08;5086,48;1824,46;5042,47;903,66;5213,00;1905,82;5110,58;15,46;0,732999;255,40;661,80;570,47;2,821;299284;53737;0;0;0,4112;0,2252;0,00;OK
10,590;165,12;5093,70;1828,82;5045,71;903,33;5219,44;1909,72;5113,48;15,41;0,732742;255,37;661,48;570,50;2,820;298961;53714;0;0;0,4111;0,2247;0,00;OK
10,600;164,16;5100,91;1833,18;5048,95;903,00;5225,88;1913,62;5116,38;15,36;0,732484;255,35;661,16;570,53;2,819;298639;53690;0;0;0,4111;0,2243;0,00;OK
10,610;163,21;5108,12;1837,53;5052,19;902,67;5232,32;1917,52;5119,28;15,31;0,732227;255,33;660,85;570,56;2,818;298317;53667;0;0;0,4110;0,2238;0,00;OK
10,620;162,25;5115,32;1841,89;5055,43;902,35;5238,77;1921,42;5122,18;15,26;0,731970;255,31;660,53;570,59;2,817;297996;53644;0;0;0,4110;0,2233;0,00;OK
10,630;161,30;5122,53;1846,24;5058,67;902,02;5245,21;1925,32;5125,08;15,21;0,731713;255,29;660,22;570,62;2,816;297675;53621;0;0;0,4109;0,2228;0,00;OK
10,640;160,36;5129,73;1850,60;5061,91;901,69;5251,65;1929,22;5127,98;15,16;0,731456;255,27;659,90;570,65;2,815;297355;53597;0;0;0,4109;0,2224;0,00;OK
10,650;159,41;5136,92;1854,95;5065,15;901,37;5258,09;1933,12;5130,88;15,12;0,731199;255,25;659,59;570,68;2,814;297035;53574;0;0;0,4108;0,2219;0,00;OK
10,660;158,47;5144,12;1859,30;5068,39;901,04;5264,53;1937,02;5133,78;15,07;0,730943;255,23;659,27;570,71;2,813;296716;53551;0;0;0,4108;0,2215;0,00;OK
10,670;157,53;5151,31;1863,65;5071,63;900,71;5270,97;1940,92;5136,68;15,02;0,730686;255,21;658,96;570,74;2,813;296397;53528;0;0;0,4107;0,2210;0,00;OK
10,680;156,60;5158,49;1868,00;5074,86;900,39;5277,41;1944,82;5139,58;14,98;0,730430;255,18;658,65;570,77;2,812;296079;53504;0;0;0,4107;0,2206;0,00;OK
10,690;155,67;5165,68;1872,35;5078,10;900,06;5283,85;1948,72;5142,48;14,93;0,730174;255,16;658,33;570,80;2,811;295761;53481;0;0;0,4107;0,2202;0,00;OK
10,700;154,74;5172,86;1876,69;5081,33;899,74;5290,29;1952,62;5145,38;14,89;0,729917;255,14;658,02;570,83;2,810;295444;53458;0;0;0,4106;0,2198;0,00;OK
10,710;153,81;5180,03;1881,04;5084,57;899,41;5296,73;1956,52;5148,28;14,85;0,729661;255,12;657,71;570,86;2,809;295127;53435;0;0;0,4106;0,2194;0,00;OK
10,720;152,89;5187,21;1885,38;5087,80;899,09;5303,16;1960,42;5151,18;14,80;0,729406;255,10;657,40;570,89;2,808;294810;53412;0;0;0,4105;0,2190;0,00;OK
10,730;151,97;5194,38;1889,73;5091,03;898,76;5309,60;1964,32;5154,08;14,76;0,729150;255,08;657,09;570,92;2,807;294494;53389;0;0;0,4105;0,2186;0,00;OK
10,740;151,05;5201,55;1894,07;5094,27;898,44;5316,04;1968,22;5156,98;14,72;0,728894;255,06;656,78;570,95;2,806;294179;53366;0;0;0,4105;0,2182;0,00;OK
10,750;150,13;5208,71;1898,41;5097,50;898,11;5322,48;1972,12;5159,88;14,67;0,728639;255,04;656,47;570,97;2,805;293864;53343;0;0;0,4104;0,2178;0,00;OK
10,760;149,22;5215,88;1902,75;5100,73;897,79;5328,91;1976,02;5162,78;14,63;0,728383;255,02;656,16;571,00;2,804;293549;53319;0;0;0,4104;0,2174;0,00;OK
10,770;148,31;5223,04;1907,09;5103,96;897,47;5335,35;1979,92;5165,68;14,59;0,728128;255,00;655,85;571,03;2,804;293235;53296;0;0;0,4104;0,2170;0,00;OK
10,780;147,41;5230,19;1911,43;5107,19;897,14;5341,78;1983,82;5168,58;14,55;0,727873;254,97;655,54;571,06;2,803;292921;53273;0;0;0,4103;0,2166;0,00;OK
10,790;146,50;5237,34;1915,77;5110,42;896,82;5348,22;1987,72;5171,48;14,51;0,727618;254,95;655,23;571,08;2,802;292608;53250;0;0;0,4103;0,2163;0,00;OK
10,800;145,60;5244,49;1920,10;5113,65;896,50;5354,65;1991,62;5174,38;14,47;0,727363;254,93;654,92;571,11;2,801;292295;53227;0;0;0,4103;0,2159;0,00;OK
10,810;144,70;5251,64;1924,44;5116,87;896,18;5361,09;1995,52;5177,28;14,43;0,727108;254,91;654,61;571,14;2,800;291983;53204;0;0;0,4102;0,2155;0,00;OK
10,820;143,81;5258,79;1928,77;5120,10;895,86;5367,52;1999,42;5180,18;14,39;0,726854;254,89;654,30;571,16;2,799;291671;53181;0;0;0,4102;0,2152;0,00;OK
10,830;142,92;5265,93;1933,10;5123,33;895,53;5373,96;2003,32;5183,08;14,35;0,726599;254,87;653,99;571,19;2,798;291359;53158;0;0;0,4102;0,2148;0,00;OK
10,840;142,03;5273,06;1937,43;5126,55;895,21;5380,39;2007,22;5185,98;14,32;0,726345;254,85;653,69;571,21;2,797;291048;53135;0;0;0,4101;0,2145;0,00;OK
10,850;141,14;5280,20;1941,76;5129,78;894,89;5386,82;2011,12;5188,88;14,28;0,726091;254,83;653,38;571,24;2,796;290738;53112;0;0;0,4101;0,2142;0,00;OK
10,860;140,26;5287,33;1946,09;5133,00;894,57;5393,25;2015,02;5191,78;14,24;0,725836;254,81;653,07;571,27;2,796;290428;53089;0;0;0,4101;0,2138;0,00;OK
10,870;139,38;5294,46;1950,42;5136,22;894,25;5399,69;2018,92;5194,68;14,20;0,725582;254,79;652,77;571,29;2,795;290118;53066;0;0;0,4100;0,2135;0,00;OK
10,880;138,50;5301,59;1954,75;5139,44;893,93;5406,12;2022,82;5197,58;14,17;0,725329;254,76;652,46;571,32;2,794;289809;53043;0;0;0,4100;0,2132;0,00;OK
10,890;137,63;5308,71;1959,07;5142,67;893,61;5412,55;2026,72;5200,48;14,13;0,725075;254,74;652,15;571,34;2,793;289500;53020;0;0;0,4100;0,2128;0,00;OK
10,900;136,76;5315,83;1963,40;5145,89;893,29;5418,98;2030,62;5203,38;14,09;0,724821;254,72;651,85;571,36;2,792;289191;52998;0;0;0,4099;0,2125;0,00;OK
10,910;135,89;5322,95;1967,72;5149,11;892,97;5425,41;2034,52;5206,28;14,06;0,724568;254,70;651,54;571,39;2,791;288884;52975;0;0;0,4099;0,2122;0,00;OK
10,920;135,02;5330,06;1972,04;5152,33;892,65;5431,84;2038,42;5209,18;14,02;0,724314;254,68;651,24;571,41;2,790;288576;52952;0;0;0,4099;0,2119;0,00;OK
10,930;134,16;5337,17;1976,36;5155,55;892,33;5438,27;2042,32;5212,08;13,99;0,724061;254,66;650,94;571,44;2,789;288269;52929;0;0;0,4098;0,2116;0,00;OK
10,940;133,30;5344,28;1980,68;5158,76;892,01;5444,70;2046,22;5214,98;13,95;0,723808;254,64;650,63;571,46;2,788;287963;52906;0;0;0,4098;0,2113;0,00;OK
10,950;132,44;5351,38;1985,00;5161,98;891,69;5451,13;2050,12;5217,88;13,91;0,723555;254,62;650,33;571,48;2,788;287656;52883;0;0;0,4098;0,2109;0,00;OK
10,960;131,58;5358,49;1989,32;5165,20;891,38;5457,56;2054,02;5220,78;13,88;0,723302;254,60;650,02;571,51;2,787;287351;52860;0;0;0,4098;0,2106;0,00;OK
10,970;130,73;5365,59;1993,63;5168,41;891,06;5463,98;2057,92;5223,68;13,85;0,723049;254,58;649,72;571,53;2,786;287045;52838;0;0;0,4097;0,2103;0,00;OK
10,980;129,88;5372,68;1997,95;5171,63;890,74;5470,41;2061,82;5226,58;13,81;0,722797;254,56;649,42;571,55;2,785;286741;52815;0;0;0,4097;0,2100;0,00;OK
10,990;129,04;5379,78;2002,26;5174,84;890,42;5476,84;2065,72;5229,48;13,78;0,722544;254,53;649,12;571,58;2,784;286436;52792;0;0;0,4097;0,2097;0,00;OK
11,000;128,19;5386,87;2006,57;5178,06;890,11;5483,27;2069,62;5232,38;13,74;0,722292;254,51;648,82;571,60;2,783;286132;52769;0;0;0,4097;0,2095;0,00;OK
11,010;127,35;5393,95;2010,88;5181,27;889,79;5489,69;2073,52;5235,28;13,71;0,722039;254,49;648,51;571,62;2,782;285829;52746;0;0;0,4096;0,2092;0,00;OK
11,020;126,52;5401,04;2015,19;5184,48;889,47;5496,12;2077,42;5238,18;13,68;0,721787;254,47;648,21;571,64;2,781;285525;52724;0;0;0,4096;0,2089;0,00;OK
11,030;125,68;5408,12;2019,50;5187,70;889,16;5502,54;2081,32;5241,08;13,64;0,721535;254,45;647,91;571,67;2,781;285223;52701;0;0;0,4096;0,2086;0,00;OK
11,040;124,85;5415,20;2023,81;5190,91;888,84;5508,97;2085,22;5243,98;13,61;0,721283;254,43;647,61;571,69;2,780;284920;52678;0;0;0,4095;0,2083;0,00;OK
11,050;124,02;5422,28;2028,12;5194,12;888,52;5515,39;2089,12;5246,88;13,58;0,721031;254,41;647,31;571,71;2,779;284619;52656;0;0;0,4095;0,2080;0,00;OK
11,060;123,19;5429,35;2032,42;5197,33;888,21;5521,82;2093,02;5249,78;13,54;0,720780;254,39;647,01;571,73;2,778;284317;52633;0;0;0,4095;0,2077;0,00;OK
11,070;122,37;5436,42;2036,73;5200,54;887,89;5528,24;2096,92;5252,68;13,51;0,720528;254,37;646,71;571,75;2,777;284016;52610;0;0;0,4095;0,2074;0,00;OK
11,080;121,55;5443,49;2041,03;5203,75;887,58;5534,67;2100,82;5255,58;13,48;0,720277;254,35;646,41;571,77;2,776;283716;52588;0;0;0,4094;0,2072;0,00;OK
11,090;120,73;5450,55;2045,33;5206,95;887,26;5541,09;2104,72;5258,48;13,44;0,720025;254,33;646,11;571,79;2,775;283415;52565;0;0;0,4094;0,2069;0,00;OK
11,100;119,92;5457,61;2049,63;5210,16;886,95;5547,51;2108,62;5261,38;13,41;0,719774;254,30;645,81;571,81;2,774;283116;52542;0;0;0,4094;0,2066;0,00;OK
11,110;119,11;5464,67;2053,93;5213,37;886,63;5553,93;2112,52;5264,28;13,38;0,719523;254,28;645,52;571,83;2,774;282816;52520;0;0;0,4094;0,2063;0,00;OK
11,120;118,30;5471,73;2058,23;5216,57;886,32;5560,36;2116,42;5267,18;13,35;0,719272;254,26;645,22;571,85;2,773;282517;52497;0;0;0,4093;0,2060;0,00;OK
11,130;117,49;5478,78;2062,52;5219,78;886,01;5566,78;2120,32;5270,08;13,32;0,719021;254,24;644,92;571,87;2,772;282219;52474;0;0;0,4093;0,2058;0,00;OK
11,140;116,68;5485,83;2066,82;5222,98;885,69;5573,20;2124,22;5272,98;13,28;0,718771;254,22;644,62;571,89;2,771;281921;52452;0;0;0,4093;0,2055;0,00;OK
11,150;115,88;5492,88;2071,11;5226,18;885,38;5579,62;2128,12;5275,88;13,25;0,718520;254,20;644,33;571,91;2,770;281623;52429;0;0;0,4093;0,2052;0,00;OK
11,160;115,09;5499,92;2075,40;5229,39;885,07;5586,04;2132,02;5278,78;13,22;0,718270;254,18;644,03;571,93;2,769;281326;52407;0;0;0,4092;0,2049;0,00;OK
11,170;114,29;5506,96;2079,70;5232,59;884,75;5592,46;2135,92;5281,68;13,19;0,718019;254,16;643,73;571,95;2,768;281029;52384;0;0;0,4092;0,2047;0,00;OK
11,180;113,50;5514,00;2083,99;5235,79;884,44;5598,88;2139,82;5284,58;13,16;0,717769;254,14;643,44;571,97;2,768;280733;52362;0;0;0,4092;0,2044;0,00;OK
11,190;112,71;5521,04;2088,28;5238,99;884,13;5605,30;2143,72;5287,48;13,12;0,717519;254,12;643,14;571,99;2,767;280437;52339;0;0;0,4092;0,2041;0,00;OK
11,200;111,92;5528,07;2092,56;5242,19;883,82;5611,72;2147,62;5290,38;13,09;0,717269;254,10;642,85;572,01;2,766;280141;52316;0;0;0,4091;0,2038;0,00;OK
11,210;111,14;5535,10;2096,85;5245,39;883,50;5618,14;2151,52;5293,28;13,06;0,717019;254,08;642,55;572,02;2,765;279846;52294;0;0;0,4091;0,2035;0,00;OK
11,220;110,35;5542,13;2101,13;5248,59;883,19;5624,55;2155,42;5296,18;13,03;0,716770;254,05;642,26;572,04;2,764;279551;52271;0;0;0,4091;0,2033;0,00;OK
11,230;109,58;5549,15;2105,42;5251,79;882,88;5630,97;2159,32;5299,08;13,00;0,716520;254,03;641,96;572,06;2,763;279257;52249;0;0;0,4091;0,2030;0,00;OK
11,240;108,80;5556,17;2109,70;5254,98;882,57;5637,39;2163,22;5301,98;12,97;0,716270;254,01;641,67;572,08;2,762;278963;52227;0;0;0,4090;0,2027;0,00;OK
11,250;108,03;5563,19;2113,98;5258,18;882,26;5643,81;2167,12;5304,88;12,94;0,716021;253,99;641,37;572,09;2,761;278669;52204;0;0;0,4090;0,2024;0,00;OK
11,260;107,26;5570,21;2118,26;5261,37;881,95;5650,22;2171,02;5307,78;12,90;0,715772;253,97;641,08;572,11;2,761;278376;52182;0;0;0,4090;0,2021;0,00;OK
11,270;106,49;5577,22;2122,54;5264,57;881,64;5656,64;2174,92;5310,68;12,87;0,715523;253,95;640,79;572,13;2,760;278083;52159;0;0;0,4090;0,2019;0,00;OK
11,280;105,72;5584,23;2126,82;5267,76;881,33;5663,05;2178,82;5313,58;12,84;0,715274;253,93;640,49;572,15;2,759;277791;52137;0;0;0,4089;0,2016;0,00;OK
11,290;104,96;5591,24;2131,10;5270,96;881,02;5669,47;2182,72;5316,48;12,81;0,715025;253,91;640,20;572,16;2,758;277499;52114;0;0;0,4089;0,2013;0,00;OK
11,300;104,20;5598,24;2135,37;5274,15;880,71;5675,88;2186,62;5319,38;12,78;0,714776;253,89;639,91;572,18;2,757;277207;52092;0;0;0,4089;0,2010;0,00;OK
11,310;103,44;5605,25;2139,64;5277,34;880,40;5682,30;2190,52;5322,28;12,75;0,714528;253,87;639,62;572,20;2,756;276916;52070;0;0;0,4089;0,2007;0,00;OK
11,320;102,69;5612,24;2143,92;5280,53;880,09;5688,71;2194,42;5325,18;12,71;0,714279;253,85;639,32;572,21;2,755;276625;52047;0;0;0,4088;0,2004;0,00;OK
11,330;101,94;5619,24;2148,19;5283,72;879,78;5695,13;2198,32;5328,08;12,68;0,714031;253,83;639,03;572,23;2,755;276335;52025;0;0;0,4088;0,2001;0,00;OK
11,340;101,19;5626,23;2152,46;5286,91;879,47;5701,54;2202,22;5330,98;12,65;0,713782;253,81;638,74;572,24;2,754;276045;52003;0;0;0,4088;0,1999;0,00;OK
11,350;100,45;5633,23;2156,73;5290,10;879,16;5707,95;2206,12;5333,88;12,62;0,713534;253,79;638,45;572,26;2,753;275755;51980;0;0;0,4088;0,1996;0,00;OK
11,360;99,70;5640,21;2160,99;5293,29;878,86;5714,36;2210,02;5336,78;12,59;0,713286;253,76;638,16;572,27;2,752;275466;51958;0;0;0,4087;0,1993;0,00;OK
11,370;98,96;5647,20;2165,26;5296,48;878,55;5720,78;2213,92;5339,68;12,56;0,713038;253,74;637,87;572,29;2,751;275178;51936;0;0;0,4087;0,1990;0,00;OK
11,380;98,22;5654,18;2169,53;5299,67;878,24;5727,19;2217,82;5342,58;12,52;0,712791;253,72;637,58;572,30;2,750;274889;51913;0;0;0,4087;0,1987;0,00;OK
11,390;97,49;5661,16;2173,79;5302,85;877,93;5733,60;2221,72;5345,48;12,49;0,712543;253,70;637,29;572,32;2,750;274601;51891;0;0;0,4087;0,1984;0,00;OK
11,400;96,76;5668,14;2178,05;5306,04;877,62;5740,01;2225,62;5348,38;12,46;0,712295;253,68;637,00;572,33;2,749;274314;51869;0;0;0,4086;0,1981;0,00;OK
11,410;96,03;5675,11;2182,31;5309,22;877,32;5746,42;2229,52;5351,28;12,43;0,712048;253,66;636,71;572,35;2,748;274026;51847;0;0;0,4086;0,1978;0,00;OK
11,420;95,30;5682,08;2186,57;5312,41;877,01;5752,83;2233,42;5354,18;12,39;0,711801;253,64;636,42;572,36;2,747;273739;51824;0;0;0,4086;0,1974;0,00;OK
11,430;94,58;5689,05;2190,83;5315,59;876,70;5759,24;2237,32;5357,08;12,36;0,711554;253,62;636,14;572,38;2,746;273453;51802;0;0;0,4085;0,1971;0,00;OK
11,440;93,86;5696,02;2195,09;5318,77;876,40;5765,65;2241,22;5359,98;12,33;0,711307;253,60;635,85;572,39;2,745;273167;51780;0;0;0,4085;0,1968;0,00;OK
11,450;93,14;5702,98;2199,34;5321,95;876,09;5772,06;2245,12;5362,88;12,30;0,711060;253,58;635,56;572,40;2,744;272881;51758;0;0;0,4085;0,1965;0,00;OK
11,460;92,42;5709,94;2203,60;5325,14;875,78;5778,47;2249,02;5365,78;12,26;0,710813;253,56;635,27;572,42;2,744;272596;51736;0;0;0,4085;0,1962;0,00;OK
11,470;91,71;5716,90;2207,85;5328,32;875,48;5784,87;2252,92;5368,68;12,23;0,710566;253,54;634,98;572,43;2,743;272311;51713;0;0;0,4084;0,1958;0,00;OK
11,480;91,00;5723,86;2212,10;5331,50;875,17;5791,28;2256,82;5371,58;12,20;0,710320;253,52;634,70;572,44;2,742;272027;51691;0;0;0,4084;0,1955;0,00;OK
11,490;90,29;5730,81;2216,35;5334,68;874,87;5797,69;2260,72;5374,48;12,16;0,710073;253,50;634,41;572,46;2,741;271743;51669;0;0;0,4084;0,1952;0,00;OK
11,500;89,59;5737,76;2220,60;5337,85;874,56;5804,10;2264,62;5377,38;12,13;0,709827;253,47;634,12;572,47;2,740;271459;51647;0;0;0,4084;0,1948;0,00;OK
11,510;88,89;5744,71;2224,85;5341,03;874,26;5810,50;2268,52;5380,28;12,10;0,709581;253,45;633,84;572,48;2,739;271175;51625;0;0;0,4083;0,1945;0,00;OK
11,520;88,19;5751,65;2229,10;5344,21;873,95;5816,91;2272,42;5383,18;12,06;0,709335;253,43;633,55;572,49;2,739;270892;51603;0;0;0,4083;0,1942;0,00;OK
11,530;87,49;5758,59;2233,34;5347,39;873,65;5823,31;2276,32;5386,08;12,03;0,709089;253,41;633,27;572,51;2,738;270610;51581;0;0;0,4083;0,1938;0,00;OK
11,540;86,80;5765,53;2237,59;5350,56;873,34;5829,72;2280,22;5388,98;11,99;0,708843;253,39;632,98;572,52;2,737;270328;51559;0;0;0,4082;0,1935;0,00;OK
11,550;86,10;5772,47;2241,83;5353,74;873,04;5836,12;2284,12;5391,88;11,96;0,708597;253,37;632,70;572,53;2,736;270046;51536;0;0;0,4082;0,1931;0,00;OK
11,560;85,42;5779,40;2246,07;5356,91;872,74;5842,53;2288,02;5394,78;11,92;0,708351;253,35;632,41;572,54;2,735;269764;51514;0;0;0,4082;0,1927;0,00;OK
11,570;84,73;5786,33;2250,31;5360,08;872,43;5848,93;2291,92;5397,68;11,89;0,708106;253,33;632,13;572,55;2,734;269483;51492;0;0;0,4081;0,1924;0,00;OK
11,580;84,05;5793,26;2254,55;5363,26;872,13;5855,34;2295,82;5400,58;11,85;0,707861;253,31;631,84;572,57;2,733;269203;51470;0;0;0,4081;0,1920;0,00;OK
11,590;83,37;5800,19;2258,79;5366,43;871,83;5861,74;2299,72;5403,48;11,82;0,707615;253,29;631,56;572,58;2,733;268922;51448;0;0;0,4081;0,1916;0,00;OK
11,600;82,69;5807,11;2263,03;5369,60;871,52;5868,14;2303,62;5406,38;11,78;0,707370;253,27;631,28;572,59;2,732;268642;51426;0;0;0,4080;0,1912;0,00;OK
11,610;82,01;5814,03;2267,26;5372,77;871,22;5874,54;2307,52;5409,28;11,75;0,707125;253,25;630,99;572,60;2,731;268363;51404;0;0;0,4080;0,1909;0,00;OK
11,620;81,34;5820,95;2271,50;5375,94;870,92;5880,95;2311,42;5412,18;11,71;0,706880;253,23;630,71;572,61;2,730;268083;51382;0;0;0,4080;0,1905;0,00;OK
11,630;80,67;5827,86;2275,73;5379,11;870,62;5887,35;2315,32;5415,08;11,67;0,706636;253,21;630,43;572,62;2,729;267805;51360;0;0;0,4079;0,1901;0,00;OK
11,640;80,00;5834,77;2279,96;5382,28;870,31;5893,75;2319,22;5417,98;11,64;0,706391;253,19;630,15;572,63;2,728;267526;51338;0;0;0,4079;0,1897;0,00;OK
11,650;79,34;5841,68;2284,19;5385,44;870,01;5900,15;2323,12;5420,88;11,60;0,706147;253,17;629,86;572,64;2,728;267248;51316;0;0;0,4079;0,1893;0,00;OK
11,660;78,68;5848,59;2288,42;5388,61;869,71;5906,55;2327,02;5423,78;11,56;0,705902;253,14;629,58;572,65;2,727;266970;51294;0;0;0,4078;0,1888;0,00;OK
11,670;78,02;5855,49;2292,64;5391,78;869,41;5912,95;2330,92;5426,68;11,52;0,705658;253,12;629,30;572,66;2,726;266693;51273;0;0;0,4078;0,1884;0,00;OK
11,680;77,36;5862,39;2296,87;5394,94;869,11;5919,35;2334,82;5429,58;11,49;0,705414;253,10;629,02;572,67;2,725;266416;51251;0;0;0,4078;0,1880;0,00;OK
11,690;76,71;5869,29;2301,09;5398,11;868,81;5925,75;2338,72;5432,48;11,45;0,705170;253,08;628,74;572,68;2,724;266139;51229;0;0;0,4077;0,1876;0,00;OK
11,700;76,06;5876,19;2305,32;5401,27;868,50;5932,15;2342,62;5435,38;11,41;0,704926;253,06;628,46;572,69;2,723;265863;51207;0;0;0,4077;0,1871;0,00;OK
11,710;75,41;5883,08;2309,54;5404,44;868,20;5938,55;2346,52;5438,28;11,37;0,704682;253,04;628,18;572,70;2,723;265587;51185;0;0;0,4077;0,1867;0,00;OK
11,720;74,76;5889,97;2313,76;5407,60;867,90;5944,94;2350,42;5441,18;11,33;0,704438;253,02;627,90;572,71;2,722;265312;51163;0;0;0,4076;0,1862;0,00;OK
11,730;74,12;5896,86;2317,98;5410,76;867,60;5951,34;2354,32;5444,08;11,29;0,704195;253,00;627,62;572,71;2,721;265036;51141;0;0;0,4076;0,1858;0,00;OK
11,740;73,48;5903,75;2322,20;5413,92;867,30;5957,74;2358,22;5446,98;11,25;0,703951;252,98;627,34;572,72;2,720;264762;51119;0;0;0,4076;0,1853;0,00;OK
11,750;72,84;5910,63;2326,42;5417,08;867,00;5964,14;2362,12;5449,88;11,21;0,703708;252,96;627,06;572,73;2,719;264487;51098;0;0;0,4075;0,1848;0,00;OK
11,760;72,21;5917,51;2330,63;5420,24;866,70;5970,53;2366,02;5452,78;11,17;0,703465;252,94;626,78;572,74;2,718;264213;51076;0;0;0,4075;0,1843;0,00;OK
11,770;71,57;5924,39;2334,84;5423,40;866,41;5976,93;2369,92;5455,68;11,13;0,703222;252,92;626,50;572,75;2,718;263939;51054;0;0;0,4074;0,1838;0,00;OK
11,780;70,94;5931,26;2339,06;5426,56;866,11;5983,32;2373,82;5458,58;11,08;0,702979;252,90;626,22;572,76;2,717;263666;51032;0;0;0,4074;0,1833;0,00;OK
11,790;70,32;5938,14;2343,27;5429,72;865,81;5989,72;2377,72;5461,48;11,04;0,702736;252,88;625,94;572,76;2,716;263393;51011;0;0;0,4074;0,1828;0,00;OK
11,800;69,69;5945,01;2347,48;5432,87;865,51;5996,11;2381,62;5464,38;11,00;0,702493;252,86;625,67;572,77;2,715;263120;50989;0;0;0,4073;0,1823;0,00;OK
11,810;69,07;5951,87;2351,69;5436,03;865,21;6002,51;2385,52;5467,28;10,96;0,702251;252,84;625,39;572,78;2,714;262848;50967;0;0;0,4073;0,1818;0,00;OK
11,820;68,45;5958,74;2355,90;5439,18;864,91;6008,90;2389,42;5470,18;10,91;0,702008;252,82;625,11;572,79;2,713;262576;50945;0;0;0,4072;0,1813;0,00;OK
11,830;67,83;5965,60;2360,10;5442,34;864,61;6015,30;2393,32;5473,08;10,87;0,701766;252,80;624,83;572,79;2,713;262305;50924;0;0;0,4072;0,1807;0,00;OK
11,840;67,22;5972,46;2364,31;5445,49;864,32;6021,69;2397,22;5475,98;10,82;0,701524;252,77;624,56;572,80;2,712;262033;50902;0;0;0,4071;0,1802;0,00;OK
11,850;66,61;5979,32;2368,51;5448,64;864,02;6028,08;2401,12;5478,88;10,78;0,701282;252,75;624,28;572,81;2,711;261763;50880;0;0;0,4071;0,1796;0,00;OK
11,860;66,00;5986,17;2372,71;5451,80;863,72;6034,47;2405,02;5481,78;10,73;0,701040;252,73;624,00;572,81;2,710;261492;50858;0;0;0,4071;0,1790;0,00;OK
11,870;65,39;5993,02;2376,91;5454,95;863,42;6040,87;2408,92;5484,68;10,69;0,700798;252,71;623,73;572,82;2,709;261222;50837;0;0;0,4070;0,1784;0,00;OK
11,880;64,79;5999,87;2381,11;5458,10;863,13;6047,26;2412,82;5487,58;10,64;0,700556;252,69;623,45;572,83;2,709;260952;50815;0;0;0,4070;0,1778;0,00;OK
11,890;64,19;6006,72;2385,31;5461,25;862,83;6053,65;2416,72;5490,48;10,59;0,700314;252,67;623,18;572,83;2,708;260683;50794;0;0;0,4069;0,1772;0,00;OK
11,900;63,59;6013,56;2389,51;5464,40;862,53;6060,04;2420,62;5493,38;10,55;0,700073;252,65;622,90;572,84;2,707;260414;50772;0;0;0,4069;0,1766;0,00;OK
11,910;63,00;6020,40;2393,70;5467,55;862,24;6066,43;2424,52;5496,28;10,50;0,699832;252,63;622,63;572,84;2,706;260145;50750;0;0;0,4068;0,1760;0,00;OK
11,920;62,40;6027,24;2397,90;5470,70;861,94;6072,82;2428,42;5499,18;10,45;0,699590;252,61;622,35;572,85;2,705;259876;50729;0;0;0,4068;0,1753;0,00;OK
11,930;61,81;6034,08;2402,09;5473,84;861,64;6079,21;2432,32;5502,08;10,40;0,699349;252,59;622,08;572,85;2,704;259608;50707;0;0;0,4067;0,1747;0,00;OK
11,940;61,22;6040,91;2406,28;5476,99;861,35;6085,60;2436,22;5504,98;10,35;0,699108;252,57;621,80;572,86;2,704;259341;50686;0;0;0,4067;0,1740;0,00;OK
11,950;60,64;6047,74;2410,47;5480,13;861,05;6091,99;2440,12;5507,88;10,30;0,698867;252,55;621,53;572,86;2,703;259073;50664;0;0;0,4066;0,1734;0,00;OK
11,960;60,06;6054,57;2414,66;5483,28;860,76;6098,38;2444,02;5510,78;10,25;0,698627;252,53;621,26;572,87;2,702;258806;50642;0;0;0,4066;0,1727;0,00;OK
11,970;59,48;6061,39;2418,85;5486,42;860,46;6104,76;2447,92;5513,68;10,19;0,698386;252,51;620,98;572,87;2,701;258540;50621;0;0;0,4065;0,1720;0,00;OK
11,980;58,90;6068,22;2423,04;5489,57;860,17;6111,15;2451,82;5516,58;10,14;0,698145;252,49;620,71;572,88;2,700;258273;50599;0;0;0,4065;0,1712;0,00;OK
11,990;58,32;6075,04;2427,22;5492,71;859,87;6117,54;2455,72;5519,48;10,09;0,697905;252,47;620,44;572,88;2,700;258007;50578;0;0;0,4064;0,1705;0,00;OK
12,000;57,75;6081,86;2431,41;5495,85;859,58;6123,93;2459,62;5522,38;10,03;0,697665;252,45;620,16;572,89;2,699;257742;50556;0;0;0,4063;0,1698;0,00;OK
12,010;57,18;6088,67;2435,59;5498,99;859,28;6130,31;2463,52;5525,28;9,98;0,697424;252,43;619,89;572,89;2,698;257476;50535;0;0;0,4063;0,1690;0,00;OK
12,020;56,62;6095,48;2439,77;5502,13;858,99;6136,70;2467,42;5528,18;9,92;0,697184;252,41;619,62;572,90;2,697;257211;50513;0;0;0,4062;0,1682;0,00;OK
12,030;56,05;6102,29;2443,95;5505,27;858,69;6143,08;2471,32;5531,08;9,87;0,696944;252,39;619,35;572,90;2,696;256947;50492;0;0;0,4062;0,1674;0,00;OK
12,040;55,49;6109,10;2448,13;5508,41;858,40;6149,47;2475,22;5533,98;9,81;0,696705;252,37;619,08;572,90;2,695;256682;50470;0;0;0,4061;0,1666;0,00;OK
12,050;54,93;6115,91;2452,31;5511,55;858,10;6155,85;2479,12;5536,88;9,75;0,696465;252,35;618,80;572,91;2,695;256419;50449;0;0;0,4060;0,1658;0,00;OK
12,060;54,37;6122,71;2456,48;5514,69;857,81;6162,24;2483,02;5539,78;9,69;0,696225;252,32;618,53;572,91;2,694;256155;50428;0;0;0,4060;0,1650;0,00;OK
12,070;53,82;6129,51;2460,66;5517,82;857,52;6168,62;2486,92;5542,68;9,63;0,695986;252,30;618,26;572,91;2,693;255892;50406;0;0;0,4059;0,1641;0,00;OK
12,080;53,27;6136,31;2464,83;5520,96;857,22;6175,01;2490,82;5545,58;9,57;0,695747;252,28;617,99;572,92;2,692;255629;50385;0;0;0,4059;0,1632;0,00;OK
12,090;52,72;6143,10;2469,00;5524,10;856,93;6181,39;2494,72;5548,48;9,51;0,695507;252,26;617,72;572,92;2,691;255366;50363;0;0;0,4058;0,1623;0,00;OK
12,100;52,17;6149,89;2473,18;5527,23;856,64;6187,77;2498,62;5551,38;9,44;0,695268;252,24;617,45;572,92;2,691;255104;50342;0;0;0,4057;0,1614;0,00;OK
12,110;51,63;6156,68;2477,35;5530,36;856,35;6194,15;2502,52;5554,28;9,38;0,695029;252,22;617,18;572,92;2,690;254842;50321;0;0;0,4057;0,1605;0,00;OK
12,120;51,09;6163,47;2481,51;5533,50;856,05;6200,54;2506,42;5557,18;9,31;0,694790;252,20;616,91;572,93;2,689;254580;50299;0;0;0,4056;0,1595;0,00;OK
12,130;50,55;6170,26;2485,68;5536,63;855,76;6206,92;2510,32;5560,08;9,25;0,694552;252,18;616,64;572,93;2,688;254319;50278;0;0;0,4055;0,1586;0,00;OK
12,140;50,01;6177,04;2489,85;5539,76;855,47;6213,30;2514,22;5562,98;9,18;0,694313;252,16;616,37;572,93;2,687;254058;50257;0;0;0,4055;0,1576;0,00;OK
12,150;49,48;6183,82;2494,01;5542,89;855,18;6219,68;2518,12;5565,88;9,11;0,694075;252,14;616,10;572,93;2,687;253797;50235;0;0;0,4054;0,1566;0,00;OK
12,160;48,95;6190,60;2498,17;5546,02;854,88;6226,06;2522,02;5568,78;9,04;0,693836;252,12;615,83;572,94;2,686;253537;50214;0;0;0,4053;0,1555;0,00;OK
12,170;48,42;6197,37;2502,34;5549,15;854,59;6232,44;2525,92;5571,68;8,97;0,693598;252,10;615,57;572,94;2,685;253277;50193;0;0;0,4052;0,1545;0,00;OK
12,180;47,90;6204,14;2506,50;5552,28;854,30;6238,82;2529,82;5574,58;8,90;0,693360;252,08;615,30;572,94;2,684;253018;50171;0;0;0,4052;0,1534;0,00;OK
12,190;47,37;6210,91;2510,65;5555,41;854,01;6245,20;2533,72;5577,48;8,83;0,693122;252,06;615,03;572,94;2,683;252758;50150;0;0;0,4051;0,1523;0,00;OK
12,200;46,85;6217,68;2514,81;5558,53;853,72;6251,58;2537,62;5580,38;8,75;0,692884;252,04;614,76;572,94;2,682;252499;50129;0;0;0,4050;0,1511;0,00;OK
12,210;46,33;6224,44;2518,97;5561,66;853,43;6257,96;2541,52;5583,28;8,68;0,692646;252,02;614,49;572,94;2,682;252241;50108;0;0;0,4049;0,1500;0,00;OK
12,220;45,82;6231,21;2523,12;5564,79;853,14;6264,33;2545,42;5586,18;8,60;0,692409;252,00;614,23;572,94;2,681;251982;50086;0;0;0,4049;0,1488;0,00;OK
12,230;45,30;6237,97;2527,28;5567,91;852,85;6270,71;2549,32;5589,08;8,52;0,692171;251,98;613,96;572,94;2,680;251724;50065;0;0;0,4048;0,1476;0,00;OK
12,240;44,79;6244,72;2531,43;5571,03;852,56;6277,09;2553,22;5591,98;8,44;0,691934;251,96;613,69;572,95;2,679;251467;50044;0;0;0,4047;0,1463;0,00;OK
12,250;44,29;6251,48;2535,58;5574,16;852,27;6283,47;2557,12;5594,88;8,36;0,691696;251,94;613,43;572,95;2,678;251209;50023;0;0;0,4046;0,1451;0,00;OK
12,260;43,78;6258,23;2539,73;5577,28;851,98;6289,84;2561,02;5597,78;8,27;0,691459;251,92;613,16;572,95;2,678;250952;50002;0;0;0,4045;0,1438;0,00;OK
12,270;43,28;6264,98;2543,88;5580,40;851,69;6296,22;2564,92;5600,68;8,19;0,691222;251,90;612,89;572,95;2,677;250695;49980;0;0;0,4045;0,1424;0,00;OK
12,280;42,78;6271,73;2548,03;5583,52;851,40;6302,59;2568,82;5603,58;8,10;0,690985;251,88;612,63;572,95;2,676;250439;49959;0;0;0,4044;0,1411;0,00;OK
12,290;42,28;6278,47;2552,17;5586,64;851,11;6308,97;2572,72;5606,48;8,01;0,690748;251,86;612,36;572,95;2,675;250183;49938;0;0;0,4043;0,1397;0,00;OK
12,300;41,79;6285,21;2556,32;5589,76;850,82;6315,34;2576,62;5609,38;7,92;0,690512;251,84;612,10;572,95;2,674;249927;49917;0;0;0,4042;0,1382;0,00;OK
12,310;41,29;6291,95;2560,46;5592,88;850,53;6321,72;2580,52;5612,28;7,83;0,690275;251,82;611,83;572,95;2,674;249672;49896;0;0;0,4041;0,1368;0,00;OK
12,320;40,80;6298,69;2564,60;5596,00;850,24;6328,09;2584,42;5615,18;7,74;0,690039;251,80;611,57;572,95;2,673;249416;49875;0;0;0,4040;0,1353;0,00;OK
12,330;40,32;6305,42;2568,75;5599,11;849,95;6334,47;2588,32;5618,08;7,64;0,689802;251,78;611,30;572,94;2,672;249161;49854;0;0;0,4039;0,1337;0,00;OK
12,340;39,83;6312,16;2572,89;5602,23;849,66;6340,84;2592,22;5620,98;7,54;0,689566;251,76;611,04;572,94;2,671;248907;49833;0;0;0,4038;0,1321;0,00;OK
12,350;39,35;6318,89;2577,02;5605,35;849,37;6347,21;2596,12;5623,88;7,44;0,689330;251,74;610,77;572,94;2,670;248653;49811;0;0;0,4037;0,1305;0,00;OK
12,360;38,87;6325,61;2581,16;5608,46;849,08;6353,58;2600,02;5626,78;7,34;0,689094;251,72;610,51;572,94;2,670;248399;49790;0;0;0,4037;0,1289;0,00;OK
12,370;38,39;6332,34;2585,30;5611,57;848,79;6359,96;2603,92;5629,68;7,24;0,688858;251,70;610,25;572,94;2,669;248145;49769;0;0;0,4036;0,1272;0,00;OK
12,380;37,92;6339,06;2589,43;5614,69;848,51;6366,33;2607,82;5632,58;7,13;0,688622;251,67;609,98;572,94;2,668;247892;49748;0;0;0,4035;0,1254;0,00;OK
12,390;37,44;6345,78;2593,56;5617,80;848,22;6372,70;2611,72;5635,48;7,02;0,688387;251,65;609,72;572,94;2,667;247639;49727;0;0;0,4034;0,1236;0,00;OK
12,400;36,97;6352,50;2597,70;5620,91;847,93;6379,07;2615,62;5638,38;6,91;0,688151;251,63;609,45;572,94;2,666;247386;49706;0;0;0,4033;0,1218;0,00;OK
12,410;36,51;6359,21;2601,83;5624,02;847,64;6385,44;2619,52;5641,28;6,79;0,687916;251,61;609,19;572,93;2,666;247133;49685;0;0;0,4032;0,1199;0,00;OK
12,420;36,04;6365,92;2605,96;5627,13;847,36;6391,81;2623,42;5644,18;6,68;0,687681;251,59;608,93;572,93;2,665;246881;49664;0;0;0,4031;0,1179;0,00;OK
12,430;35,58;6372,63;2610,08;5630,24;847,07;6398,18;2627,32;5647,08;6,56;0,687446;251,57;608,67;572,93;2,664;246629;49643;0;0;0,4030;0,1159;0,00;OK
12,440;35,12;6379,34;2614,21;5633,35;846,78;6404,55;2631,22;5649,98;6,43;0,687211;251,55;608,40;572,93;2,663;246378;49622;0;0;0,4029;0,1139;0,00;OK
12,450;34,66;6386,04;2618,34;5636,46;846,49;6410,92;2635,12;5652,88;6,31;0,686976;251,53;608,14;572,93;2,662;246126;49601;0;0;0,4027;0,1117;0,00;OK
12,460;34,21;6392,75;2622,46;5639,56;846,21;6417,29;2639,02;5655,78;6,18;0,686741;251,51;607,88;572,92;2,662;245875;49581;0;0;0,4026;0,1096;0,00;OK
12,470;33,76;6399,45;2626,58;5642,67;845,92;6423,65;2642,92;5658,68;6,05;0,686506;251,49;607,62;572,92;2,661;245624;49560;0;0;0,4025;0,1073;0,00;OK
12,480;33,31;6406,14;2630,70;5645,78;845,63;6430,02;2646,82;5661,58;5,91;0,686272;251,47;607,36;572,92;2,660;245374;49539;0;0;0,4024;0,1050;0,00;OK
12,490;32,86;6412,84;2634,82;5648,88;845,34;6436,39;2650,72;5664,48;5,77;0,686037;251,45;607,09;572,91;2,659;245124;49518;0;0;0,4023;0,1027;0,00;OK
12,500;32,41;6419,53;2638,94;5651,98;845,06;6442,76;2654,62;5667,38;5,63;0,685803;251,43;606,83;572,91;2,658;244874;49497;0;0;0,4022;0,1002;0,00;OK
12,510;31,97;6426,22;2643,06;5655,09;844,77;6449,12;2658,52;5670,28;5,48;0,685569;251,41;606,57;572,91;2,658;244624;49476;0;0;0,4021;0,0977;0,00;OK
12,520;31,53;6432,91;2647,18;5658,19;844,48;6455,49;2662,42;5673,18;5,33;0,685335;251,39;606,31;572,91;2,657;244375;49455;0;0;0,4020;0,0952;0,00;OK
12,530;31,10;6439,59;2651,29;5661,29;844,20;6461,85;2666,32;5676,08;5,18;0,685101;251,37;606,05;572,90;2,656;244126;49434;0;0;0,4019;0,0925;0,00;OK
12,540;30,66;6446,28;2655,41;5664,39;843,91;6468,22;2670,22;5678,98;5,02;0,684867;251,35;605,79;572,90;2,655;243877;49413;0;0;0,4018;0,0898;0,00;OK
12,550;30,23;6452,96;2659,52;5667,49;843,63;6474,58;2674,12;5681,88;4,86;0,684633;251,33;605,53;572,89;2,655;243628;49393;0;0;0,4017;0,0869;0,00;OK
12,560;29,80;6459,64;2663,63;5670,59;843,34;6480,95;2678,02;5684,78;4,69;0,684400;251,31;605,27;572,89;2,654;243380;49372;0;0;0,4016;0,0840;0,00;OK
12,570;29,37;6466,31;2667,74;5673,69;843,05;6487,31;2681,92;5687,68;4,52;0,684166;251,29;605,01;572,89;2,653;243131;49351;0;0;0,4014;0,0810;0,00;OK
12,580;28,95;6472,98;2671,85;5676,79;842,77;6493,68;2685,82;5690,58;4,34;0,683933;251,27;604,75;572,88;2,652;242884;49330;0;0;0,4013;0,0780;0,00;OK
12,590;28,53;6479,65;2675,96;5679,88;842,48;6500,04;2689,72;5693,48;4,16;0,683700;251,25;604,49;572,88;2,651;242636;49310;0;0;0,4012;0,0748;0,00;OK
12,600;28,11;6486,32;2680,06;5682,98;842,19;6506,40;2693,62;5696,38;3,97;0,683467;251,23;604,23;572,87;2,651;242388;49289;0;0;0,4011;0,0715;0,00;OK
12,610;27,69;6492,99;2684,17;5686,07;841,91;6512,76;2697,52;5699,28;3,78;0,683234;251,21;603,97;572,87;2,650;242141;49268;0;0;0,4010;0,0681;0,00;OK
12,620;27,28;6499,65;2688,27;5689,17;841,62;6519,13;2701,42;5702,18;3,59;0,683001;251,19;603,71;572,86;2,649;241894;49247;0;0;0,4009;0,0646;0,00;OK
12,630;26,86;6506,31;2692,37;5692,26;841,34;6525,49;2705,32;5705,08;3,38;0,682768;251,17;603,45;572,86;2,648;241647;49227;0;0;0,4008;0,0611;0,00;OK
12,640;26,45;6512,97;2696,47;5695,35;841,05;6531,85;2709,22;5707,98;3,18;0,682536;251,15;603,19;572,85;2,647;241401;49206;0;0;0,4007;0,0574;0,00;OK
12,650;26,05;6519,63;2700,57;5698,45;840,76;6538,21;2713,12;5710,88;2,96;0,682303;251,13;602,93;572,85;2,647;241154;49185;0;0;0,4006;0,0536;0,00;OK
12,660;25,64;6526,28;2704,67;5701,54;840,48;6544,57;2717,02;5713,78;2,74;0,682071;251,11;602,67;572,84;2,646;240908;49164;0;0;0,4005;0,0497;0,00;OK
12,670;25,24;6532,93;2708,77;5704,63;840,19;6550,93;2720,92;5716,68;2,52;0,681839;251,09;602,41;572,84;2,645;240662;49144;0;0;0,4005;0,0457;0,00;OK
12,680;24,84;6539,58;2712,86;5707,72;839,90;6557,29;2724,82;5719,58;2,29;0,681607;251,07;602,15;572,83;2,644;240416;49123;0;0;0,4004;0,0416;0,00;OK
12,690;24,44;6546,22;2716,96;5710,81;839,62;6563,65;2728,72;5722,48;2,07;0,681375;251,05;601,89;572,83;2,643;240170;49102;0;0;0,4003;0,0375;0,00;OK
12,700;24,05;6552,87;2721,05;5713,89;839,33;6570,01;2732,62;5725,38;1,84;0,681143;251,03;601,63;572,82;2,643;239925;49082;0;0;0,4002;0,0334;0,00;OK
12,710;23,66;6559,51;2725,14;5716,98;839,04;6576,37;2736,52;5728,28;1,61;0,680911;251,01;601,37;572,82;2,642;239679;49061;0;0;0,4002;0,0294;0,00;OK
12,720;23,27;6566,15;2729,23;5720,07;838,76;6582,72;2740,42;5731,18;1,40;0,680679;250,99;601,11;572,81;2,641;239434;49041;0;0;0,4001;0,0255;0,00;OK
12,730;22,88;6572,78;2733,32;5723,15;838,47;6589,08;2744,32;5734,08;1,22;0,680448;250,97;600,85;572,80;2,640;239188;49020;0;0;0,4001;0,0222;0,00;OK
12,740;22,50;6579,42;2737,41;5726,24;838,18;6595,44;2748,22;5736,98;1,08;0,680216;250,95;600,59;572,80;2,639;238943;48999;0;0;0,4001;0,0197;0,00;OK
12,750;22,11;6586,05;2741,50;5729,32;837,90;6601,80;2752,12;5739,88;1,02;0,679985;250,93;600,33;572,79;2,639;238698;48979;0;0;0,4001;0,0187;0,00;OK
12,760;21,74;6592,68;2745,58;5732,40;837,61;6608,15;2756,02;5742,78;1,07;0,679754;250,91;600,07;572,79;2,638;238453;48958;0;0;0,4001;0,0196;0,00;OK
12,770;21,36;6599,30;2749,67;5735,49;837,32;6614,51;2759,92;5745,68;1,22;0,679523;250,89;599,81;572,78;2,637;238208;48938;0;0;0,4001;0,0224;0,00;OK
12,780;20,98;6605,93;2753,75;5738,57;837,03;6620,86;2763,82;5748,58;1,46;0,679292;250,87;599,55;572,77;2,636;237962;48917;0;0;0,4002;0,0267;0,00;OK
12,790;20,61;6612,55;2757,83;5741,65;836,74;6627,22;2767,72;5751,48;1,75;0,679061;250,85;599,29;572,76;2,635;237717;48897;0;0;0,4002;0,0321;0,00;OK
12,800;20,24;6619,17;2761,91;5744,73;836,45;6633,57;2771,62;5754,38;2,09;0,678831;250,83;599,03;572,76;2,635;237472;48876;0;0;0,4003;0,0383;0,00;OK
12,810;19,88;6625,78;2765,99;5747,81;836,16;6639,93;2775,52;5757,28;2,46;0,678600;250,81;598,76;572,75;2,634;237226;48856;0;0;0,4004;0,0452;0,00;OK
12,820;19,51;6632,40;2770,07;5750,89;835,87;6646,28;2779,42;5760,18;2,86;0,678370;250,79;598,50;572,74;2,633;236980;48835;0;0;0,4006;0,0527;0,00;OK
12,830;19,15;6639,01;2774,15;5753,96;835,58;6652,64;2783,32;5763,08;3,29;0,678139;250,77;598,24;572,74;2,632;236734;48815;0;0;0,4008;0,0606;0,00;OK
12,840;18,79;6645,62;2778,22;5757,04;835,28;6658,99;2787,22;5765,98;3,75;0,677909;250,75;597,97;572,73;2,631;236488;48794;0;0;0,4011;0,0692;0,00;OK
12,850;18,43;6652,22;2782,29;5760,12;834,99;6665,34;2791,12;5768,88;4,24;0,677679;250,73;597,71;572,72;2,630;236241;48774;0;0;0,4013;0,0782;0,00;OK
12,860;18,08;6658,83;2786,37;5763,19;834,69;6671,69;2795,02;5771,78;4,75;0,677449;250,71;597,44;572,71;2,630;235993;48753;0;0;0,4017;0,0878;0,00;OK
12,870;17,73;6665,43;2790,44;5766,26;834,40;6678,05;2798,92;5774,68;5,29;0,677219;250,69;597,18;572,70;2,629;235745;48733;0;0;0,4021;0,0979;0,00;OK
12,880;17,38;6672,03;2794,51;5769,34;834,10;6684,40;2802,82;5777,58;5,87;0,676990;250,67;596,91;572,70;2,628;235497;48713;0;0;0,4026;0,1086;0,00;OK
12,890;17,03;6678,62;2798,57;5772,41;833,80;6690,75;2806,72;5780,48;6,47;0,676760;250,65;596,64;572,69;2,627;235247;48692;0;0;0,4032;0,1200;0,00;OK
12,900;16,69;6685,22;2802,64;5775,48;833,49;6697,10;2810,62;5783,38;7,11;0,676531;250,63;596,37;572,68;2,626;234997;48672;0;0;0,4038;0,1320;0,00;OK
12,910;16,35;6691,81;2806,71;5778,55;833,19;6703,45;2814,52;5786,28;7,79;0,676301;250,61;596,10;572,67;2,625;234745;48651;0;0;0,4046;0,1448;0,00;OK
12,920;16,01;6698,40;2810,77;5781,62;832,88;6709,80;2818,42;5789,18;8,51;0,676072;250,59;595,82;572,66;2,625;234492;48631;0;0;0,4055;0,1583;0,00;OK
12,930;15,68;6704,98;2814,83;5784,69;832,57;6716,15;2822,32;5792,08;9,28;0,675843;250,57;595,54;572,65;2,624;234237;48611;0;0;0,4066;0,1727;0,00;OK
12,940;15,34;6711,56;2818,90;5787,76;832,25;6722,50;2826,22;5794,98;10,09;0,675614;250,55;595,26;572,65;2,623;233981;48590;0;0;0,4078;0,1880;0,00;OK
12,950;15,01;6718,14;2822,96;5790,83;831,93;6728,85;2830,12;5797,88;10,95;0,675385;250,53;594,98;572,64;2,622;233721;48570;0;0;0,4092;0,2043;0,00;OK
12,960;14,69;6724,72;2827,01;5793,89;831,61;6735,20;2834,02;5800,78;11,87;0,675156;250,51;594,69;572,63;2,621;233459;48550;0;0;0,4108;0,2216;0,00;OK
12,970;14,36;6731,30;2831,07;5796,96;831,28;6741,54;2837,92;5803,68;12,81;0,674928;250,49;594,39;572,62;2,620;233196;48529;0;0;0,4126;0,2395;0,00;OK
12,980;14,04;6737,87;2835,13;5800,02;830,95;6747,89;2841,82;5806,58;13,74;0,674699;250,47;594,10;572,61;2,619;232933;48509;0;0;0,4146;0,2572;0,00;OK
12,990;13,72;6744,44;2839,18;5803,09;830,62;6754,24;2845,72;5809,48;14,65;0,674471;250,45;593,81;572,60;2,618;232671;48489;0;0;0,4166;0,2747;0,00;OK
13,000;13,41;6751,00;2843,23;5806,15;830,30;6760,59;2849,62;5812,38;15,56;0,674243;250,43;593,52;572,59;2,617;232409;48469;0;0;0,4188;0,2920;0,00;OK
13,010;13,10;6757,57;2847,28;5809,21;829,97;6766,93;2853,52;5815,28;16,46;0,674015;250,41;593,23;572,58;2,616;232147;48448;0;0;0,4210;0,3092;0,00;OK
13,020;12,79;6764,13;2851,33;5812,27;829,64;6773,28;2857,42;5818,18;17,34;0,673787;250,39;592,94;572,57;2,615;231886;48428;0;0;0,4234;0,3262;0,00;OK
13,030;12,48;6770,69;2855,38;5815,33;829,32;6779,62;2861,32;5821,08;18,22;0,673559;250,37;592,65;572,56;2,614;231625;48408;0;0;0,4259;0,3431;0,00;OK
13,040;12,18;6777,24;2859,43;5818,39;828,99;6785,97;2865,22;5823,98;19,09;0,673332;250,35;592,36;572,55;2,614;231363;48388;0;0;0,4285;0,3599;0,00;OK
13,050;11,88;6783,80;2863,47;5821,44;828,66;6792,31;2869,12;5826,88;19,96;0,673104;250,33;592,07;572,54;2,613;231102;48367;0;0;0,4312;0,3766;0,00;OK
13,060;11,58;6790,35;2867,52;5824,50;828,33;6798,66;2873,02;5829,78;20,81;0,672877;250,31;591,78;572,53;2,612;230840;48347;0;0;0,4340;0,3931;0,00;OK
13,070;11,28;6796,90;2871,56;5827,55;828,00;6805,00;2876,92;5832,68;21,66;0,672650;250,29;591,49;572,52;2,611;230578;48327;0;0;0,4369;0,4096;0,00;OK
13,080;10,99;6803,44;2875,60;5830,60;827,67;6811,35;2880,82;5835,58;22,50;0,672423;250,27;591,19;572,51;2,610;230315;48307;0;0;0,4399;0,4261;0,00;OK
13,090;10,70;6809,98;2879,64;5833,65;827,33;6817,69;2884,72;5838,48;23,34;0,672196;250,25;590,90;572,50;2,609;230052;48287;0;0;0,4431;0,4424;0,00;OK
13,100;10,42;6816,52;2883,68;5836,70;827,00;6824,03;2888,62;5841,38;24,16;0,671969;250,23;590,60;572,48;2,608;229787;48267;0;0;0,4463;0,4586;0,00;OK
13,110;10,14;6823,06;2887,71;5839,75;826,66;6830,37;2892,52;5844,28;24,98;0,671743;250,21;590,30;572,47;2,607;229521;48247;0;0;0,4496;0,4746;0,00;OK
13,120;9,86;6829,60;2891,75;5842,79;826,31;6836,72;2896,42;5847,18;25,78;0,671517;250,19;590,00;572,46;2,606;229253;48227;0;0;0,4529;0,4905;0,00;OK
13,130;9,58;6836,13;2895,78;5845,84;825,96;6843,06;2900,32;5850,08;26,56;0,671290;250,17;589,69;572,45;2,605;228982;48207;0;0;0,4563;0,5059;0,00;OK
13,140;9,31;6842,66;2899,81;5848,88;825,61;6849,40;2904,22;5852,98;27,31;0,671065;250,15;589,38;572,44;2,604;228708;48187;0;0;0,4597;0,5207;0,00;OK
13,150;9,04;6849,19;2903,84;5851,92;825,33;6855,74;2908,12;5855,88;26,92;0,670839;250,13;589,13;572,43;2,603;228475;48167;0;0;0,4581;0,5138;0,00;OK
13,160;8,77;6855,71;2907,87;5854,96;825,04;6862,08;2912,02;5858,78;26,69;0,670613;250,11;588,88;572,41;2,602;228241;48147;0;0;0,4572;0,5099;0,00;OK
13,170;8,51;6862,24;2911,90;5857,99;824,76;6868,42;2915,92;5861,68;26,63;0,670388;250,09;588,62;572,40;2,602;228007;48127;0;0;0,4571;0,5093;0,00;OK
13,180;8,25;6868,76;2915,92;5861,02;824,47;6874,76;2919,82;5864,58;26,75;0,670163;250,07;588,36;572,39;2,601;227770;48107;0;0;0,4577;0,5121;0,00;OK
13,190;7,99;6875,28;2919,95;5864,06;824,18;6881,10;2923,72;5867,48;27,06;0,669938;250,05;588,11;572,38;2,600;227533;48087;0;0;0,4592;0,5187;0,00;OK
13,200;7,74;6881,80;2923,97;5867,09;823,92;6887,44;2927,62;5870,38;27,59;0,669714;250,03;587,87;572,37;2,599;227314;48067;0;0;0,4616;0,5293;0,00;OK
13,210;7,48;6888,32;2927,99;5870,11;823,65;6893,78;2931,52;5873,28;28,36;0,669489;250,01;587,64;572,35;2,598;227093;48047;0;0;0,4653;0,5447;0,00;OK
13,220;7,23;6894,83;2932,01;5873,14;823,39;6900,11;2935,42;5876,18;29,41;0,669265;249,99;587,40;572,34;2,598;226869;48027;0;0;0,4703;0,5653;0,00;OK
13,230;6,98;6901,35;2936,03;5876,17;823,11;6906,45;2939,32;5879,08;30,76;0,669041;249,97;587,16;572,33;2,597;226643;48007;0;0;0,4770;0,5918;0,00;OK
13,240;6,74;6907,86;2940,05;5879,19;822,83;6912,79;2943,22;5881,98;32,43;0,668817;249,95;586,91;572,31;2,596;226413;47987;0;0;0,4858;0,6246;0,00;OK
13,250;6,50;6914,36;2944,07;5882,21;822,55;6919,13;2947,12;5884,88;34,47;0,668593;249,94;586,65;572,30;2,595;226179;47967;0;0;0,4972;0,6647;0,00;OK
13,260;6,25;6920,87;2948,08;5885,24;822,25;6925,46;2951,02;5887,78;36,92;0,668369;249,92;586,39;572,29;2,595;225941;47948;0;0;0,5117;0,7126;0,00;OK
13,270;6,02;6927,37;2952,10;5888,26;821,95;6931,80;2954,92;5890,68;39,82;0,668146;249,90;586,12;572,28;2,594;225698;47928;0;0;0,5302;0,7694;0,00;OK
13,280;5,78;6933,87;2956,11;5891,28;821,63;6938,13;2958,82;5893,58;43,23;0,667922;249,88;585,84;572,26;2,593;225448;47908;0;0;0,5538;0,8362;0,00;OK
13,290;5,55;6940,37;2960,12;5894,30;821,30;6944,47;2962,72;5896,48;47,20;0,667699;249,86;585,55;572,25;2,592;225192;47888;0;0;0,5838;0,9140;0,00;OK
13,300;5,32;6946,86;2964,13;5897,32;820,95;6950,80;2966,62;5899,38;51,79;0,667476;249,84;585,25;572,24;2,591;224926;47869;0;0;0,6218;1,0041;0,00;OK
13,310;5,10;6953,35;2968,14;5900,33;820,58;6957,14;2970,52;5902,28;57,07;0,667253;249,82;584,93;572,22;2,590;224649;47849;0;0;0,6700;1,1078;0,00;OK
13,320;4,88;6959,84;2972,15;5903,35;820,18;6963,47;2974,42;5905,18;63,05;0,667030;249,80;584,58;572,21;2,589;224356;47829;0;0;0,7304;1,2256;0,00;OK
13,330;4,66;6966,32;2976,15;5906,37;819,78;6969,81;2978,32;5908,08;69,44;0,666807;249,78;584,23;572,19;2,587;224059;47809;0;0;0,8019;1,3516;0,00;OK
13,340;4,45;6972,80;2980,15;5909,39;819,35;6976,14;2982,22;5910,98;71,83;0,666584;249,76;583,87;572,18;2,586;223753;47790;0;0;0,8312;1,4000;0,00;DANGER_OVERCLOCK_AERO
13,350;4,24;6979,28;2984,15;5912,40;818,87;6982,47;2986,12;5913,88;71,72;0,666361;249,74;583,45;572,16;2,585;223414;47770;0;0;0,8312;1,4000;0,00;DANGER_OVERCLOCK_AERO
13,360;4,03;6985,75;2988,15;5915,42;818,33;6988,80;2990,02;5916,78;71,60;0,666138;249,72;582,99;572,15;2,583;223043;47750;0;0;0,8312;1,4000;0,00;DANGER_OVERCLOCK_AERO
13,370;3,84;6992,22;2992,15;5918,43;818,05;6995,14;2993,92;5919,68;71,53;0,665916;249,70;582,75;572,14;2,582;222817;47730;0;0;0,8312;1,4000;0,00;DANGER_OVERCLOCK_AERO
13,380;3,64;6998,68;2996,14;5921,44;817,77;7001,47;2997,82;5922,58;71,46;0,665694;249,68;582,50;572,12;2,582;222591;47711;0;0;0,8312;1,4000;0,00;DANGER_OVERCLOCK_AERO
13,390;3,45;7005,15;3000,14;5924,45;817,49;7007,80;3001,72;5925,48;71,39;0,665472;249,66;582,25;572,11;2,581;222364;47691;0;0;0,8312;1,4000;0,00;DANGER_OVERCLOCK_AERO
13,400;3,26;7011,61;3004,13;5927,45;817,21;7014,13;3005,62;5928,38;71,31;0,665250;249,64;582,00;572,09;2,580;222137;47671;0;0;0,8312;1,4000;0,00;DANGER_OVERCLOCK_AERO
13,410;3,07;7018,08;3008,12;5930,45;816,93;7020,46;3009,52;5931,28;71,24;0,665029;249,62;581,75;572,08;2,579;221909;47652;0;0;0,8312;1,4000;0,00;DANGER_OVERCLOCK_AERO
13,420;2,89;7024,54;3012,11;5933,45;816,64;7026,79;3013,42;5934,18;71,17;0,664808;249,60;581,50;572,06;2,578;221681;47632;0;0;0,8312;1,4000;0,00;DANGER_OVERCLOCK_AERO
13,430;2,71;7031,00;3016,10;5936,44;816,35;7033,12;3017,32;5937,08;71,09;0,664587;249,58;581,25;572,04;2,578;221452;47613;0;0;0,8312;1,4000;0,00;DANGER_OVERCLOCK_AERO
13,440;2,53;7037,46;3020,09;5939,44;816,07;7039,45;3021,22;5939,98;71,02;0,664366;249,56;581,00;572,03;2,577;221222;47593;0;0;0,8312;1,4000;0,00;DANGER_OVERCLOCK_AERO
13,450;2,36;7043,91;3024,08;5942,42;815,78;7045,78;3025,12;5942,88;70,95;0,664146;249,54;580,74;572,01;2,576;220992;47574;0;0;0,8312;1,4000;0,00;DANGER_OVERCLOCK_AERO
13,460;2,19;7050,37;3028,06;5945,41;815,48;7052,11;3029,02;5945,78;70,87;0,663926;249,52;580,48;572,00;2,575;220760;47554;0;0;0,8312;1,4000;0,00;DANGER_OVERCLOCK_AERO
13,470;2,02;7056,82;3032,05;5948,39;815,19;7058,43;3032,92;5948,68;70,80;0,663706;249,50;580,23;571,98;2,574;220528;47535;0;0;0,8312;1,4000;0,00;DANGER_OVERCLOCK_AERO
13,480;1,86;7063,28;3036,03;5951,37;814,89;7064,76;3036,82;5951,58;70,72;0,663487;249,49;579,97;571,97;2,574;220294;47515;0;0;0,8312;1,4000;0,00;DANGER_OVERCLOCK_AERO
13,490;1,70;7069,73;3040,01;5954,35;814,59;7071,09;3040,72;5954,48;70,65;0,663268;249,47;579,70;571,95;2,573;220059;47496;0;0;0,8312;1,4000;0,00;DANGER_OVERCLOCK_AERO
13,500;1,54;7076,17;3043,99;5957,32;814,29;7077,42;3044,62;5957,38;70,57;0,663049;249,45;579,44;571,93;2,572;219822;47477;0;0;0,8312;1,4000;0,00;DANGER_OVERCLOCK_AERO
13,510;1,39;7082,62;3047,97;5960,29;813,98;7083,74;3048,52;5960,28;70,49;0,662830;249,43;579,17;571,92;2,571;219583;47457;0;0;0,8312;1,4000;0,00;DANGER_OVERCLOCK_AERO
13,520;1,25;7089,07;3051,95;5963,26;813,67;7090,07;3052,42;5963,18;70,42;0,662612;249,41;578,89;571,90;2,570;219342;47438;0;0;0,8312;1,4000;0,00;DANGER_OVERCLOCK_AERO
13,530;1,11;7095,51;3055,92;5966,23;813,35;7096,39;3056,32;5966,08;70,34;0,662393;249,39;578,62;571,88;2,569;219099;47419;0;0;0,8312;1,4000;0,00;DANGER_OVERCLOCK_AERO
